-- phpMyAdmin SQL Dump
-- version 4.7.4
-- https://www.phpmyadmin.net/
--
-- Host: localhost
-- Generation Time: Dec 08, 2017 at 11:05 AM
-- Server version: 5.7.20-0ubuntu0.16.04.1
-- PHP Version: 7.0.22-0ubuntu0.16.04.1

SET SQL_MODE = "NO_AUTO_VALUE_ON_ZERO";
SET AUTOCOMMIT = 0;
START TRANSACTION;
SET time_zone = "+00:00";


/*!40101 SET @OLD_CHARACTER_SET_CLIENT=@@CHARACTER_SET_CLIENT */;
/*!40101 SET @OLD_CHARACTER_SET_RESULTS=@@CHARACTER_SET_RESULTS */;
/*!40101 SET @OLD_COLLATION_CONNECTION=@@COLLATION_CONNECTION */;
/*!40101 SET NAMES utf8mb4 */;

--
-- Database: `eapi`
--

-- --------------------------------------------------------

--
-- Table structure for table `migrations`
--

CREATE TABLE `migrations` (
  `id` int(10) UNSIGNED NOT NULL,
  `migration` varchar(255) COLLATE utf8mb4_unicode_ci NOT NULL,
  `batch` int(11) NOT NULL
) ENGINE=InnoDB DEFAULT CHARSET=utf8mb4 COLLATE=utf8mb4_unicode_ci;

--
-- Dumping data for table `migrations`
--

INSERT INTO `migrations` (`id`, `migration`, `batch`) VALUES
(9, '2014_10_12_000000_create_users_table', 1),
(10, '2014_10_12_100000_create_password_resets_table', 1),
(11, '2017_12_07_103000_create_products_table', 1),
(12, '2017_12_07_103031_create_reviews_table', 1);

-- --------------------------------------------------------

--
-- Table structure for table `password_resets`
--

CREATE TABLE `password_resets` (
  `email` varchar(255) COLLATE utf8mb4_unicode_ci NOT NULL,
  `token` varchar(255) COLLATE utf8mb4_unicode_ci NOT NULL,
  `created_at` timestamp NULL DEFAULT NULL
) ENGINE=InnoDB DEFAULT CHARSET=utf8mb4 COLLATE=utf8mb4_unicode_ci;

-- --------------------------------------------------------

--
-- Table structure for table `products`
--

CREATE TABLE `products` (
  `id` int(10) UNSIGNED NOT NULL,
  `name` varchar(255) COLLATE utf8mb4_unicode_ci NOT NULL,
  `detail` text COLLATE utf8mb4_unicode_ci NOT NULL,
  `price` int(11) NOT NULL,
  `stock` int(11) NOT NULL,
  `discount` int(11) NOT NULL,
  `created_at` timestamp NULL DEFAULT NULL,
  `updated_at` timestamp NULL DEFAULT NULL
) ENGINE=InnoDB DEFAULT CHARSET=utf8mb4 COLLATE=utf8mb4_unicode_ci;

--
-- Dumping data for table `products`
--

INSERT INTO `products` (`id`, `name`, `detail`, `price`, `stock`, `discount`, `created_at`, `updated_at`) VALUES
(1, 'voluptatum', 'Et nemo fugiat dolore perspiciatis numquam. Voluptatum nobis magni soluta nobis ad rerum. Explicabo aspernatur accusamus et architecto tenetur quos. Pariatur id quia odio dicta explicabo aut quia voluptas.', 727, 9, 10, '2017-12-07 08:01:18', '2017-12-07 08:01:18'),
(2, 'pariatur', 'Magnam deleniti accusantium ab et delectus voluptatem ut. Ut fugit et amet aut eum. Laboriosam ea et consequatur recusandae natus vel occaecati ea. Blanditiis corporis laudantium et dolorem tenetur voluptates.', 193, 6, 21, '2017-12-07 08:01:19', '2017-12-07 08:01:19'),
(3, 'culpa', 'Dolorem non quo laudantium modi excepturi libero. Dolor expedita dolorem non accusantium non sit harum. Fuga est id fugiat eveniet ratione. Ab nisi architecto in et nulla voluptas.', 467, 6, 24, '2017-12-07 08:01:19', '2017-12-07 08:01:19'),
(4, 'dolor', 'Et qui quisquam perferendis. Ut saepe et laboriosam non provident quidem a. Ut asperiores sunt ut modi illo.', 796, 2, 11, '2017-12-07 08:01:20', '2017-12-07 08:01:20'),
(5, 'fuga', 'Consequatur rerum voluptatem voluptatem et. Qui natus quo ducimus occaecati odit at autem. Itaque occaecati quia architecto.', 680, 8, 6, '2017-12-07 08:01:20', '2017-12-07 08:01:20'),
(6, 'tenetur', 'Praesentium voluptates quam cumque. Molestias dolor rem voluptatum placeat blanditiis quidem.', 361, 9, 7, '2017-12-07 08:01:20', '2017-12-07 08:01:20'),
(7, 'consequatur', 'Maxime ut aut cumque vero. Sint beatae rem repellat aut temporibus inventore dignissimos.', 670, 3, 14, '2017-12-07 08:01:20', '2017-12-07 08:01:20'),
(8, 'aut', 'Sequi neque voluptatibus numquam possimus commodi. Deleniti architecto laborum quia. Quidem eum sit illum. Voluptatibus dolor voluptates labore eligendi sit maiores aut beatae.', 595, 2, 25, '2017-12-07 08:01:20', '2017-12-07 08:01:20'),
(9, 'mollitia', 'Occaecati hic dolores laborum excepturi labore enim ducimus. Debitis consectetur itaque provident aut ea. Numquam ipsum sint quae expedita quasi magni modi. Est qui omnis et cupiditate.', 924, 3, 16, '2017-12-07 08:01:20', '2017-12-07 08:01:20'),
(10, 'quia', 'Iste in non est et. Ipsum architecto dolor sapiente dolore iusto aliquam. Atque temporibus voluptas ducimus molestiae ab illum dignissimos. Repellat amet reiciendis eos nam iste. Aut ut voluptatem eos deserunt voluptatem esse.', 411, 8, 3, '2017-12-07 08:01:20', '2017-12-07 08:01:20'),
(11, 'sit', 'Consequatur facere velit nihil voluptas iste. Asperiores quia laborum maiores error molestias quia eveniet. Dolor tenetur natus quod excepturi minus quia. Facilis explicabo illum odio asperiores nisi. Veniam et commodi quia ut ut.', 175, 2, 12, '2017-12-07 08:01:20', '2017-12-07 08:01:20'),
(12, 'magnam', 'Ut eos voluptatem dolorem ipsam animi est rem repellat. Molestiae consectetur voluptatem voluptatem praesentium animi. Optio eos sapiente doloremque voluptas quibusdam. Consectetur voluptates voluptatem maxime et quia asperiores nobis.', 438, 1, 23, '2017-12-07 08:01:20', '2017-12-07 08:01:20'),
(13, 'doloremque', 'Autem illo architecto fuga delectus. Modi incidunt id sunt voluptatibus qui et et. Laudantium deleniti neque a.', 629, 2, 26, '2017-12-07 08:01:20', '2017-12-07 08:01:20'),
(14, 'eveniet', 'Laborum similique excepturi architecto. Laboriosam aspernatur neque quibusdam. Nam soluta ut veniam ducimus ullam impedit officiis eos. Qui ratione placeat est nihil modi in rem.', 453, 3, 18, '2017-12-07 08:01:20', '2017-12-07 08:01:20'),
(15, 'ducimus', 'Sit voluptas magni sed aut nesciunt voluptatum. Voluptatem amet voluptate eum. Consequatur assumenda voluptates tempore qui repudiandae ad. Nesciunt est sint sapiente libero quibusdam totam.', 391, 1, 10, '2017-12-07 08:01:20', '2017-12-07 08:01:20'),
(16, 'ex', 'Provident aut quo rerum vel illo quaerat esse. At sunt voluptatem blanditiis alias tempora quos. Aut molestiae iste illo vitae optio. Quisquam aliquam nisi non illo eum nostrum.', 339, 2, 30, '2017-12-07 08:01:21', '2017-12-07 08:01:21'),
(17, 'quia', 'Ea aliquid aut iste rerum vel soluta. Necessitatibus iusto consequatur placeat exercitationem. Omnis quos cumque magnam temporibus.', 868, 6, 12, '2017-12-07 08:01:21', '2017-12-07 08:01:21'),
(18, 'reprehenderit', 'Voluptatibus tempora et neque aliquam provident ea qui. Dicta consequatur et nam et dolorum repellendus. Sed accusantium rerum doloremque incidunt et minima. Ratione omnis unde debitis dolorem ea asperiores.', 634, 5, 30, '2017-12-07 08:01:21', '2017-12-07 08:01:21'),
(19, 'deserunt', 'Enim incidunt rerum vitae quos dolorem nostrum. Qui cumque nemo libero quis. Repudiandae magni beatae totam deleniti et deserunt voluptatem. Ducimus et tempora quidem ea qui labore voluptatem.', 689, 8, 8, '2017-12-07 08:01:21', '2017-12-07 08:01:21'),
(20, 'voluptas', 'Quam quam et aut nemo. Ipsum amet sunt dicta magnam magnam iste qui. Minus qui doloribus sit qui. Voluptatum sit explicabo aperiam veritatis quae ipsa.', 714, 0, 7, '2017-12-07 08:01:21', '2017-12-07 08:01:21'),
(21, 'minima', 'Similique aut modi voluptatem placeat. Velit qui voluptate quas voluptates eius quae ut tempore. Ut vel mollitia harum omnis.', 449, 5, 20, '2017-12-07 08:01:21', '2017-12-07 08:01:21'),
(22, 'magni', 'Error ab exercitationem omnis quam. Ea nobis earum dolores exercitationem incidunt. Possimus reprehenderit magnam placeat et. Ullam et commodi assumenda rem minus.', 936, 7, 5, '2017-12-07 08:01:21', '2017-12-07 08:01:21'),
(23, 'minus', 'Fugiat deleniti qui accusamus in. Vel veniam ducimus quia tempore aliquam. Et odit laborum aliquid cum perferendis optio numquam.', 706, 3, 30, '2017-12-07 08:01:21', '2017-12-07 08:01:21'),
(24, 'est', 'Impedit voluptates dolore corrupti magnam. Et facilis sit ad autem odit quibusdam dolorem. Voluptatem iusto occaecati omnis tenetur. Enim vitae consequatur rerum veniam expedita.', 987, 8, 5, '2017-12-07 08:01:21', '2017-12-07 08:01:21'),
(25, 'unde', 'Qui est molestias pariatur dolores. Et ut animi dicta perferendis vel. Quos harum dolorum error odit ipsum libero deserunt eum. Eum et similique dolor et rerum est architecto.', 921, 3, 25, '2017-12-07 08:01:21', '2017-12-07 08:01:21'),
(26, 'dolorem', 'Debitis molestias vel quo. Minima dolor aut dolor. Dolores molestias exercitationem sit quia illum qui architecto sit.', 940, 8, 6, '2017-12-07 08:01:21', '2017-12-07 08:01:21'),
(27, 'perspiciatis', 'Accusantium dignissimos ab esse vitae quas dolor eum aliquid. Eligendi dolores quia et in dolorum. Beatae atque sequi vel ut. Qui possimus aut qui velit excepturi id vitae.', 172, 2, 5, '2017-12-07 08:01:21', '2017-12-07 08:01:21'),
(28, 'est', 'Et aut corporis enim illo. Quis vel sit cupiditate odio tempore dignissimos a. Voluptates saepe voluptas odit non ut debitis esse. Recusandae ullam ea consectetur quaerat.', 988, 5, 24, '2017-12-07 08:01:21', '2017-12-07 08:01:21'),
(29, 'eum', 'Dolorem asperiores possimus eius eaque eum. Sunt nihil sit facilis eligendi ut. Dolor voluptate consectetur maiores et. Sed enim facilis alias voluptates aut quia repudiandae. In expedita veritatis sit sapiente quia.', 312, 7, 27, '2017-12-07 08:01:21', '2017-12-07 08:01:21'),
(30, 'ipsa', 'Cumque consequatur nulla ut beatae sapiente et. Amet dolor consequatur vel. Cum ut consequatur illum vitae aliquam at. Voluptates consequatur qui delectus dolorem aut earum.', 177, 3, 9, '2017-12-07 08:01:21', '2017-12-07 08:01:21'),
(31, 'et', 'Inventore magnam molestiae dolor quae ut. Aperiam deserunt tenetur veniam laborum officiis. Non exercitationem voluptatem eum sit. Maxime quos deserunt quo amet voluptatem expedita.', 365, 8, 23, '2017-12-07 08:01:21', '2017-12-07 08:01:21'),
(32, 'officiis', 'A adipisci qui distinctio expedita. Id et excepturi omnis iure. Ab vitae rerum optio nobis.', 916, 0, 5, '2017-12-07 08:01:21', '2017-12-07 08:01:21'),
(33, 'dolor', 'Voluptatibus praesentium voluptate minima beatae ut commodi possimus. Consequatur libero alias odit sed a vel. Officiis amet reiciendis nisi qui. Laudantium ut dolores earum non.', 938, 6, 18, '2017-12-07 08:01:21', '2017-12-07 08:01:21'),
(34, 'dicta', 'Impedit doloremque quis ducimus rerum perferendis. Doloremque doloremque et repellat voluptatibus maiores voluptatem voluptates voluptatem. Amet et culpa repellat totam. Molestias blanditiis in voluptas aliquid sed.', 688, 6, 29, '2017-12-07 08:01:22', '2017-12-07 08:01:22'),
(35, 'unde', 'Eaque eaque aut sunt libero delectus voluptas a. Ullam perferendis autem eligendi ea. Omnis alias incidunt eos qui qui. Quis quis sapiente et et dicta dolorem natus.', 725, 5, 12, '2017-12-07 08:01:22', '2017-12-07 08:01:22'),
(36, 'quasi', 'Magni minus pariatur suscipit sunt. Quia illo doloribus necessitatibus iste explicabo.', 667, 6, 15, '2017-12-07 08:01:22', '2017-12-07 08:01:22'),
(37, 'harum', 'Accusantium aut ipsam temporibus est iure. In ut illum qui magni quia dolore culpa quia.', 605, 7, 16, '2017-12-07 08:01:22', '2017-12-07 08:01:22'),
(38, 'quaerat', 'Qui beatae architecto iure illo consequatur. Voluptatem sapiente laudantium dolores dolore. Veritatis porro optio aut ut.', 564, 2, 8, '2017-12-07 08:01:22', '2017-12-07 08:01:22'),
(39, 'sed', 'Maiores aliquid dolores et inventore vel voluptatum. Delectus facere sit neque sequi doloremque quibusdam eveniet. Consequatur harum quia esse esse qui. Perspiciatis aut officia blanditiis commodi impedit repellendus. Et officiis perferendis dolor cupiditate et distinctio velit.', 395, 9, 5, '2017-12-07 08:01:22', '2017-12-07 08:01:22'),
(40, 'accusamus', 'Sit ipsam rerum quia et. Dolor ea deleniti aut voluptatem possimus. Similique rerum molestiae neque voluptate sint.', 307, 3, 22, '2017-12-07 08:01:22', '2017-12-07 08:01:22'),
(41, 'voluptatem', 'Soluta et rerum eaque ut aut alias natus. Reprehenderit non ut harum reprehenderit illum hic quis repellendus. Eligendi magnam ea in.', 119, 4, 7, '2017-12-07 08:01:22', '2017-12-07 08:01:22'),
(42, 'dolore', 'Reprehenderit sequi veniam aut sint quas adipisci voluptatem officia. Incidunt est nisi rerum reprehenderit dolorem non. Nobis nesciunt sed et itaque consequatur laborum officiis.', 219, 9, 8, '2017-12-07 08:01:22', '2017-12-07 08:01:22'),
(43, 'quis', 'Aut voluptatem laudantium tempora quis. Beatae sequi et hic magni accusantium repudiandae assumenda. Nobis et non minus quis dolor. Perspiciatis facilis distinctio necessitatibus magnam non.', 653, 9, 29, '2017-12-07 08:01:22', '2017-12-07 08:01:22'),
(44, 'dolorem', 'Velit error quibusdam odio asperiores. Ut voluptates debitis qui est dolorum placeat dolor. Aut ut odio excepturi quidem repellendus voluptatem. Soluta maiores architecto corrupti et et dolor.', 122, 1, 28, '2017-12-07 08:01:22', '2017-12-07 08:01:22'),
(45, 'modi', 'Repellat non deleniti qui rerum reiciendis ducimus. Labore dignissimos consectetur dolor qui vel ut sequi.', 396, 0, 23, '2017-12-07 08:01:22', '2017-12-07 08:01:22'),
(46, 'ducimus', 'Molestiae id itaque ad et. Aut nisi voluptatem facere omnis incidunt dolorem nisi id. Ea optio velit molestiae neque aperiam optio consectetur impedit.', 659, 4, 19, '2017-12-07 08:01:22', '2017-12-07 08:01:22'),
(47, 'sit', 'Deleniti id non voluptas sit necessitatibus laboriosam. Qui excepturi eum error aut cumque voluptas iusto.', 582, 9, 15, '2017-12-07 08:01:22', '2017-12-07 08:01:22'),
(48, 'numquam', 'Cupiditate voluptas voluptate ratione id. Ut itaque laborum et rerum officiis. Excepturi minima suscipit sed sed dicta. Doloremque voluptates illum illum quas id debitis. Velit at sed mollitia non.', 745, 1, 5, '2017-12-07 08:01:22', '2017-12-07 08:01:22'),
(49, 'nobis', 'Vel quisquam facere qui voluptatum sequi. Eum ducimus nisi asperiores consectetur vel vel quisquam. Vel perferendis consectetur nihil qui.', 352, 2, 25, '2017-12-07 08:01:22', '2017-12-07 08:01:22'),
(50, 'exercitationem', 'Numquam reiciendis voluptatem ad voluptate excepturi occaecati. Vero et inventore ab quam qui iste odit quis.', 608, 2, 25, '2017-12-07 08:01:22', '2017-12-07 08:01:22');

-- --------------------------------------------------------

--
-- Table structure for table `reviews`
--

CREATE TABLE `reviews` (
  `id` int(10) UNSIGNED NOT NULL,
  `product_id` int(10) UNSIGNED NOT NULL,
  `customer` varchar(255) COLLATE utf8mb4_unicode_ci NOT NULL,
  `review` text COLLATE utf8mb4_unicode_ci NOT NULL,
  `star` int(11) NOT NULL,
  `created_at` timestamp NULL DEFAULT NULL,
  `updated_at` timestamp NULL DEFAULT NULL
) ENGINE=InnoDB DEFAULT CHARSET=utf8mb4 COLLATE=utf8mb4_unicode_ci;

--
-- Dumping data for table `reviews`
--

INSERT INTO `reviews` (`id`, `product_id`, `customer`, `review`, `star`, `created_at`, `updated_at`) VALUES
(1, 33, 'Dr. Lillie Morar', 'Corporis officiis voluptates assumenda consequatur vel praesentium. Quis a asperiores quia maiores quam vitae laboriosam. Non soluta iusto inventore aperiam. Omnis ipsam et magni enim nostrum.', 5, '2017-12-07 08:01:23', '2017-12-07 08:01:23'),
(2, 33, 'Gavin Schoen Sr.', 'Sapiente et qui aliquid ipsa et et. Vitae sed repellendus excepturi ut. Suscipit placeat dignissimos velit possimus minima. Corrupti neque pariatur fugiat ut. Sunt quas eveniet quia.', 4, '2017-12-07 08:01:23', '2017-12-07 08:01:23'),
(3, 25, 'Prof. Verlie Purdy PhD', 'Illo quos tempora porro dolore quasi. Officiis incidunt velit ex molestias ut. Architecto harum omnis qui veritatis.', 3, '2017-12-07 08:01:24', '2017-12-07 08:01:24'),
(4, 1, 'Jordane Welch', 'Dolores vero doloribus illo similique natus. Perspiciatis dolores amet rerum et nobis aperiam. Maxime exercitationem voluptas laborum eos eos excepturi qui.', 5, '2017-12-07 08:01:24', '2017-12-07 08:01:24'),
(5, 50, 'Dr. Justyn Barrows Jr.', 'Nostrum amet maiores maxime et suscipit. Tenetur accusamus eum architecto voluptate soluta eos.', 5, '2017-12-07 08:01:24', '2017-12-07 08:01:24'),
(6, 47, 'Dr. Constance Mitchell', 'Quam ipsa molestiae voluptatem sapiente doloremque. Eum molestiae eligendi deleniti ea ratione quo inventore.', 3, '2017-12-07 08:01:24', '2017-12-07 08:01:24'),
(7, 36, 'Desmond Sauer V', 'Tempore aut sequi enim eaque quibusdam est. Beatae illo laborum molestiae quo magnam sapiente. Quia ut et qui. Necessitatibus quidem itaque libero qui quidem voluptas.', 3, '2017-12-07 08:01:24', '2017-12-07 08:01:24'),
(8, 2, 'Shaylee Kerluke', 'Ipsa asperiores veniam nihil aliquam cumque. Optio minus ex id architecto unde velit itaque. Quam minus dolor inventore dicta. Laborum omnis ut ex voluptatum ad ut exercitationem facilis.', 4, '2017-12-07 08:01:24', '2017-12-07 08:01:24'),
(9, 49, 'Josie Weissnat', 'Ea nam rem ex deleniti praesentium modi. Ut commodi est incidunt cupiditate facilis. Id culpa iure quibusdam aliquam enim unde. Temporibus laudantium provident voluptatem ut laboriosam.', 5, '2017-12-07 08:01:24', '2017-12-07 08:01:24'),
(10, 22, 'Haylie Crona', 'Laboriosam rerum sunt consequatur cum enim corrupti. Culpa laudantium incidunt ut rerum. Ad explicabo placeat id fugiat sequi.', 1, '2017-12-07 08:01:24', '2017-12-07 08:01:24'),
(11, 16, 'Martin Strosin', 'Qui sequi minus quasi voluptatem dolores. Molestiae accusamus sequi repudiandae maiores sunt quidem nam. Earum excepturi quae sint enim in aut aut.', 0, '2017-12-07 08:01:24', '2017-12-07 08:01:24'),
(12, 22, 'Moises Emard I', 'Ad qui hic eos itaque. Quas saepe non aut odio at. Fugit sit iste quidem architecto beatae quia earum. Ullam eum est illum neque nam quasi cum. Aliquid quasi modi quisquam et consequatur quia eos.', 5, '2017-12-07 08:01:24', '2017-12-07 08:01:24'),
(13, 49, 'Jameson Willms', 'Voluptate quisquam modi eum ut. Dolores rerum nihil alias dicta ut nostrum. Aliquam velit soluta quis exercitationem. Veritatis beatae placeat perspiciatis debitis dolores maiores perspiciatis dolor. Similique eum et dolorum aut.', 1, '2017-12-07 08:01:24', '2017-12-07 08:01:24'),
(14, 46, 'Uriel Romaguera', 'Aperiam et tenetur neque voluptatem quas. Et magni delectus natus ea aperiam maiores. Deleniti omnis error quidem qui. In magnam aut accusamus illo exercitationem necessitatibus. Animi asperiores porro pariatur eum omnis.', 2, '2017-12-07 08:01:24', '2017-12-07 08:01:24'),
(15, 8, 'Jazlyn Klein', 'Facere doloribus facere dolore repellat. Aut maiores optio sapiente a soluta est ullam dolore. Voluptatem ut sunt explicabo eaque dolor facilis aliquam.', 0, '2017-12-07 08:01:24', '2017-12-07 08:01:24'),
(16, 10, 'Miss Erika Hauck', 'Delectus quasi consectetur placeat est. Exercitationem et dolor quia. Id eligendi dolor odit a eum quaerat facere. Doloremque et quod optio ut quos deserunt excepturi velit.', 1, '2017-12-07 08:01:24', '2017-12-07 08:01:24'),
(17, 24, 'Shanie Schoen Sr.', 'Omnis non qui amet. Et in culpa iure eos et. Blanditiis et rerum sit sint quos.', 3, '2017-12-07 08:01:24', '2017-12-07 08:01:24'),
(18, 40, 'Prof. Robert Stokes', 'Nostrum ut ut assumenda maiores. Est nam quo autem totam dolor tenetur. Quas qui itaque tempora voluptas fugiat iure nostrum.', 0, '2017-12-07 08:01:24', '2017-12-07 08:01:24'),
(19, 1, 'Jeramy Corwin', 'Inventore deleniti soluta quam nostrum est pariatur. Similique placeat quo quidem harum. Maiores vero dignissimos sit maiores dolorem. Laudantium aut in adipisci officiis velit.', 0, '2017-12-07 08:01:25', '2017-12-07 08:01:25'),
(20, 41, 'Reba Marks', 'Quisquam tenetur quis in et sed quia eos. Non at consequuntur fugit a. Exercitationem architecto sit repudiandae quia ducimus.', 4, '2017-12-07 08:01:25', '2017-12-07 08:01:25'),
(21, 6, 'Mrs. Stefanie Hermann Jr.', 'Officiis quam facere quod rerum aliquid. Ex soluta vitae voluptatem vero. Et amet maiores eligendi est voluptatem. Voluptatibus dolores ducimus aperiam cum.', 3, '2017-12-07 08:01:25', '2017-12-07 08:01:25'),
(22, 39, 'Dr. Queen Langosh PhD', 'Minus sed dolores molestias dolores vel aspernatur voluptatem. Et qui ea illo eaque. Sit quasi velit atque et dignissimos et. Non cupiditate dignissimos et maiores qui est et doloribus.', 3, '2017-12-07 08:01:25', '2017-12-07 08:01:25'),
(23, 38, 'Prof. Keanu Bailey V', 'Officia non delectus tempore laborum qui voluptatibus eos. Est possimus sed vero quis. Qui quo non ad quo esse ipsum dolorem. Et praesentium culpa deserunt.', 2, '2017-12-07 08:01:25', '2017-12-07 08:01:25'),
(24, 46, 'Cesar Ernser Jr.', 'Voluptatem et pariatur sint aliquid pariatur laudantium. Sed ducimus voluptatem voluptatem laborum modi sint atque. Reprehenderit repellat explicabo sed consequatur nihil. Quo minus perferendis at.', 3, '2017-12-07 08:01:25', '2017-12-07 08:01:25'),
(25, 10, 'Alf Nitzsche', 'Earum tenetur nisi et consequuntur aut nihil nihil. Ea consectetur saepe repellendus aut quis facere. Eveniet ut quae aut et illo reprehenderit ut.', 3, '2017-12-07 08:01:25', '2017-12-07 08:01:25'),
(26, 22, 'Miss Izabella Cartwright MD', 'Minima reiciendis temporibus repudiandae laborum aut nulla commodi. Reiciendis debitis ut explicabo illum unde facilis odit. Dolorem ullam quia error ipsam omnis soluta.', 2, '2017-12-07 08:01:25', '2017-12-07 08:01:25'),
(27, 10, 'Alverta Cummerata', 'Dolor laboriosam quibusdam est vel qui illum soluta. Magnam dolores eum sed qui in dolor. Qui blanditiis corrupti doloremque molestiae qui sit nobis non.', 3, '2017-12-07 08:01:25', '2017-12-07 08:01:25'),
(28, 29, 'Barrett Grant', 'Possimus nihil quisquam aut sequi eum. Earum dolores nostrum nihil non. Iure odit culpa et. Nobis nihil consequatur aut.', 0, '2017-12-07 08:01:25', '2017-12-07 08:01:25'),
(29, 6, 'Nils Morissette', 'Et vel quibusdam rem quisquam eos est. Harum quia maxime omnis numquam et ut dolor. Vel est id facilis vel et magnam. Omnis ea minus aut qui error sed. Dolor explicabo facilis eius quae excepturi.', 1, '2017-12-07 08:01:25', '2017-12-07 08:01:25'),
(30, 3, 'Demarcus Johnston V', 'Harum quia nesciunt debitis ea sunt ipsum. Nihil facere pariatur voluptas et. Qui inventore a sed odit. Earum qui adipisci totam temporibus similique similique.', 2, '2017-12-07 08:01:25', '2017-12-07 08:01:25'),
(31, 26, 'Prof. Armando Baumbach', 'Deserunt expedita ut voluptate est ad exercitationem. In placeat dicta eum optio. Cupiditate fuga aperiam non non maiores quam dignissimos. Aut ut temporibus voluptatem debitis ut qui.', 3, '2017-12-07 08:01:25', '2017-12-07 08:01:25'),
(32, 44, 'Miss Shaina Streich II', 'Unde quos et reiciendis. Inventore voluptatem adipisci eos rerum sed error rerum laudantium. Voluptates illo molestiae fuga autem eum soluta. Ut laudantium et odit nisi in quis distinctio. Nesciunt possimus qui qui laudantium temporibus.', 5, '2017-12-07 08:01:25', '2017-12-07 08:01:25'),
(33, 15, 'Dr. Walter Feil V', 'Nihil deleniti vel soluta corrupti quidem odit. Dicta esse est quos qui sint. Aliquid eaque iusto et eaque maiores. Sint soluta nisi facere ullam rerum.', 5, '2017-12-07 08:01:25', '2017-12-07 08:01:25'),
(34, 33, 'Darius Aufderhar', 'Aperiam tempore voluptatem ipsum qui provident quia impedit. Laboriosam non blanditiis similique. Itaque dignissimos aut pariatur ipsum et.', 3, '2017-12-07 08:01:25', '2017-12-07 08:01:25'),
(35, 5, 'Felipa Bergstrom', 'Dolorem repudiandae molestias nobis qui quis quasi repellat et. Rerum et dolore officia magni omnis veritatis. Quis optio ratione non earum est praesentium maxime consequuntur.', 3, '2017-12-07 08:01:25', '2017-12-07 08:01:25'),
(36, 17, 'Julie Metz', 'Voluptatum aut ut aut sunt repudiandae rerum. Enim recusandae possimus voluptas eos.', 1, '2017-12-07 08:01:26', '2017-12-07 08:01:26'),
(37, 49, 'Isom Littel', 'Eveniet repudiandae aut vel accusantium sequi sed soluta. Cupiditate recusandae facere voluptate corporis illo. Sed reprehenderit ipsum commodi vero. Odio eum natus amet fuga quia doloribus debitis.', 1, '2017-12-07 08:01:26', '2017-12-07 08:01:26'),
(38, 22, 'Prof. Enola Altenwerth DVM', 'Consectetur porro qui ratione voluptatibus. Excepturi possimus fuga sunt incidunt error occaecati. Voluptatem et a delectus ut reiciendis odit. Voluptas deleniti cum quis distinctio dolore excepturi consectetur est.', 5, '2017-12-07 08:01:26', '2017-12-07 08:01:26'),
(39, 4, 'Prof. Richard Ernser', 'Corporis dolorem quis rerum iste facere. Architecto ducimus quia quod commodi. Eum ad aliquam pariatur cum et illum est eaque.', 5, '2017-12-07 08:01:26', '2017-12-07 08:01:26'),
(40, 28, 'Sarah Schultz', 'Molestiae qui non omnis dignissimos laborum ut doloremque. Fuga quisquam eum deserunt mollitia expedita. Quas itaque ullam est.', 4, '2017-12-07 08:01:26', '2017-12-07 08:01:26'),
(41, 26, 'Juliana Bergnaum', 'Sed error at ducimus eveniet quis veritatis pariatur dolores. Sunt placeat qui dolor debitis architecto iusto cumque. Eos laudantium ut cumque quia.', 4, '2017-12-07 08:01:26', '2017-12-07 08:01:26'),
(42, 35, 'Jimmie Thompson', 'Voluptas ipsam nesciunt excepturi id velit. Consequuntur odio eos sunt praesentium sapiente enim. Rem qui vitae sed. Tempora unde quia occaecati dolor sed.', 1, '2017-12-07 08:01:26', '2017-12-07 08:01:26'),
(43, 4, 'Mohammed Nikolaus', 'Sit ut inventore omnis cupiditate. Et impedit et error quia accusantium vel. Modi sint ut et voluptas reprehenderit perspiciatis.', 3, '2017-12-07 08:01:26', '2017-12-07 08:01:26'),
(44, 21, 'Dr. Emilia Grant Sr.', 'Non expedita aspernatur et distinctio et repellat. Neque voluptas quia sequi rem. Id nam consequatur nam est nisi et voluptas. Officiis voluptatum aut repudiandae harum omnis.', 0, '2017-12-07 08:01:26', '2017-12-07 08:01:26'),
(45, 11, 'Providenci Mohr', 'Quia dolorum atque vitae autem omnis occaecati occaecati nam. Necessitatibus consequatur accusamus beatae non. Et sapiente qui sed facere natus voluptate saepe.', 1, '2017-12-07 08:01:26', '2017-12-07 08:01:26'),
(46, 48, 'Jacky Batz', 'Vel ut aut voluptatibus doloremque. Corrupti iure culpa aliquam. Earum maxime et exercitationem omnis consequuntur quisquam et.', 1, '2017-12-07 08:01:26', '2017-12-07 08:01:26'),
(47, 13, 'Zetta Hoeger', 'Molestias cumque eius aut velit. Accusamus aperiam aperiam dolorum et rem. Saepe ducimus tempore in aperiam aut itaque.', 2, '2017-12-07 08:01:26', '2017-12-07 08:01:26'),
(48, 47, 'Mr. Kenneth Ryan II', 'Dolores voluptas sed molestias nobis dolores placeat laudantium. Quas non fugiat repudiandae quod aliquam quis earum. Deleniti sit sapiente voluptas quaerat illum. Ut ut ut iure dolorem.', 2, '2017-12-07 08:01:26', '2017-12-07 08:01:26'),
(49, 17, 'Dr. Margaret Roob', 'Incidunt dicta asperiores rerum. Molestiae sapiente tempore aut placeat et ut non. Repellendus quas fugit eum. Dolorem laudantium accusamus impedit explicabo sed incidunt.', 0, '2017-12-07 08:01:26', '2017-12-07 08:01:26'),
(50, 37, 'Prof. Elise Prohaska', 'Dolor sint aut sint voluptatem ducimus dolor. Earum minima ea cupiditate recusandae enim. Numquam id et quisquam expedita. Aut accusantium enim quo voluptas et rerum.', 1, '2017-12-07 08:01:26', '2017-12-07 08:01:26'),
(51, 14, 'Mason Bahringer', 'Consequatur natus expedita ut soluta. Rerum quidem tempore et et culpa praesentium commodi. Consequuntur accusamus ea quaerat consequatur quas. Reiciendis eos rerum labore delectus quas.', 0, '2017-12-07 08:01:26', '2017-12-07 08:01:26'),
(52, 38, 'Verna Turner II', 'Aut sed architecto quia rerum ut. Beatae quis sequi commodi eos. Sunt iure nesciunt eum molestiae modi sed. Accusamus eligendi hic sed consequatur officiis aut.', 1, '2017-12-07 08:01:26', '2017-12-07 08:01:26'),
(53, 29, 'Lempi Raynor DDS', 'Quis occaecati exercitationem sint et iste voluptas aut. Unde in omnis culpa deserunt exercitationem earum id vel.', 1, '2017-12-07 08:01:26', '2017-12-07 08:01:26'),
(54, 29, 'Rose Bartoletti', 'Aliquam commodi similique dolorum similique mollitia et laudantium. Saepe assumenda quis iste voluptates ducimus dolorem eum. Quo doloremque doloribus vitae optio tenetur ut magnam.', 2, '2017-12-07 08:01:26', '2017-12-07 08:01:26'),
(55, 3, 'Ramona O\'Connell', 'Reprehenderit consequatur eos dicta non ratione eum. Fugiat nisi dolorem eius est cum aperiam. Voluptates tenetur perferendis aspernatur praesentium.', 0, '2017-12-07 08:01:26', '2017-12-07 08:01:26'),
(56, 30, 'Lea Rau', 'Voluptatem et aut beatae est cumque aperiam ullam. Omnis reprehenderit quo laudantium totam voluptas.', 4, '2017-12-07 08:01:26', '2017-12-07 08:01:26'),
(57, 10, 'Samson Schulist', 'Et aperiam iste consequatur beatae omnis. Veritatis adipisci et delectus esse. Nihil libero fugit aliquam autem aliquam.', 0, '2017-12-07 08:01:27', '2017-12-07 08:01:27'),
(58, 29, 'Shannon Jones', 'Aut aliquid recusandae in sed nesciunt nam. Blanditiis eum nostrum quidem ex. Nisi non accusamus quo enim veritatis incidunt totam. Veniam aperiam labore explicabo corporis. Ut quas omnis qui deserunt impedit.', 4, '2017-12-07 08:01:27', '2017-12-07 08:01:27'),
(59, 50, 'Stephanie McCullough', 'Et quod occaecati ullam sit et sit. Eum esse quisquam illo nulla. Quos excepturi neque rem mollitia quaerat. Dolor totam minima vel excepturi dolores aut molestiae.', 3, '2017-12-07 08:01:27', '2017-12-07 08:01:27'),
(60, 32, 'Felipa Kozey DVM', 'Molestiae earum sed consectetur id autem minus porro. Nobis provident soluta atque vero iusto. Ipsa vel impedit fugiat tempore dolores porro vel.', 3, '2017-12-07 08:01:27', '2017-12-07 08:01:27'),
(61, 29, 'Reynold Adams DDS', 'Omnis magnam eum fuga quis qui sit rem. Nostrum debitis sint qui iusto dolore. Nihil vel necessitatibus asperiores sit.', 5, '2017-12-07 08:01:27', '2017-12-07 08:01:27'),
(62, 23, 'Cathy Bahringer', 'Earum quis itaque qui quis optio. Repudiandae omnis sequi aliquam expedita harum repudiandae similique. Eius autem ipsam quod eligendi dolor sint.', 4, '2017-12-07 08:01:27', '2017-12-07 08:01:27'),
(63, 38, 'Mr. Chance Hyatt', 'Ut magnam est consectetur saepe veniam. Consequatur impedit quis fugiat dignissimos reiciendis nesciunt. Reiciendis dolorem expedita et doloremque incidunt inventore.', 1, '2017-12-07 08:01:27', '2017-12-07 08:01:27'),
(64, 11, 'Prof. Aurore Schowalter II', 'Debitis eum quia distinctio vero vitae. Et at saepe maxime omnis sint. Nesciunt qui expedita nostrum earum inventore. Ea quia eos ut ut.', 3, '2017-12-07 08:01:27', '2017-12-07 08:01:27'),
(65, 23, 'Dr. Jonas Purdy III', 'Consequatur reprehenderit aliquam recusandae harum accusamus quia voluptatem. Dolorem est perferendis consequatur perferendis odit commodi.', 1, '2017-12-07 08:01:27', '2017-12-07 08:01:27'),
(66, 37, 'Ms. Anais Kuhlman', 'Omnis velit nostrum facilis impedit asperiores. Mollitia ut omnis consequuntur. Consequatur et iure quia unde. Ullam omnis libero corrupti est.', 2, '2017-12-07 08:01:27', '2017-12-07 08:01:27'),
(67, 21, 'Dino Goyette DDS', 'Deleniti necessitatibus ad aperiam iure. Magni animi eum laudantium consequatur laboriosam molestias ad. Eos incidunt et minima et ipsam animi. Ipsam culpa qui dolorem quod quo.', 1, '2017-12-07 08:01:27', '2017-12-07 08:01:27'),
(68, 21, 'Mr. Luis Pagac', 'Sequi accusantium qui voluptas accusamus et illo. Animi provident expedita non similique voluptas eos voluptas. Ex eaque omnis dignissimos quod.', 4, '2017-12-07 08:01:27', '2017-12-07 08:01:27'),
(69, 23, 'Kassandra Borer', 'Ab saepe ut omnis ut iste. Nulla enim voluptas non asperiores aut. Beatae fugit voluptate harum voluptatem harum sunt voluptas.', 3, '2017-12-07 08:01:27', '2017-12-07 08:01:27'),
(70, 24, 'Lamar Maggio', 'Amet consequatur impedit odit neque. Dolore omnis est voluptas quaerat sapiente dignissimos cumque. Quos qui nemo qui veritatis.', 3, '2017-12-07 08:01:27', '2017-12-07 08:01:27'),
(71, 13, 'Prof. Randal Haag III', 'Est accusamus eos laborum facilis corrupti fugit sit veniam. Occaecati quo ratione dolores molestiae sint consequuntur. Qui autem voluptate sunt id et temporibus hic.', 4, '2017-12-07 08:01:27', '2017-12-07 08:01:27'),
(72, 38, 'Joelle Connelly', 'Sunt aperiam praesentium quo et consectetur cum quo cum. Voluptatibus aut ut est porro quis ducimus labore dolorum. Dolor quia expedita enim et. Minus et eum enim error omnis unde.', 3, '2017-12-07 08:01:27', '2017-12-07 08:01:27'),
(73, 39, 'Mrs. Aileen Kihn PhD', 'Saepe perferendis assumenda recusandae sed. Vel quo earum consequatur in eaque possimus. Saepe repellendus et delectus omnis aut cupiditate.', 0, '2017-12-07 08:01:28', '2017-12-07 08:01:28'),
(74, 49, 'Yadira Dare DDS', 'Quos sit quia perferendis aliquam. Repellendus optio optio eligendi accusamus quaerat reiciendis. Labore commodi mollitia eius provident nesciunt dolorum. Aspernatur et non qui quibusdam aut.', 1, '2017-12-07 08:01:28', '2017-12-07 08:01:28'),
(75, 29, 'Aurelio Wolf', 'Nisi sunt consequatur vero temporibus. Aut quae id est aspernatur non. Aliquid quia sit ut ipsum dicta.', 2, '2017-12-07 08:01:28', '2017-12-07 08:01:28'),
(76, 25, 'Christ Okuneva V', 'Reprehenderit consequatur ducimus maxime aut quaerat. Deleniti voluptates occaecati incidunt non. Praesentium ex quas et beatae.', 2, '2017-12-07 08:01:28', '2017-12-07 08:01:28'),
(77, 31, 'Dr. Cristian Beier', 'Reiciendis repellendus dolorem et consequuntur reiciendis. Harum cum assumenda maiores est maiores dolores earum. Sit unde maxime assumenda inventore porro possimus qui.', 5, '2017-12-07 08:01:28', '2017-12-07 08:01:28'),
(78, 38, 'Mr. Cullen Streich', 'Molestiae qui officia enim nemo error enim et. Velit tempora sed nobis minima. Molestiae autem alias odit. Autem facilis explicabo omnis rerum laboriosam magni vel.', 0, '2017-12-07 08:01:28', '2017-12-07 08:01:28'),
(79, 48, 'Cassidy Purdy', 'Magni nobis aliquid ut. Deserunt iusto qui enim consequatur at. Sunt numquam est et non maxime aut. Nobis quas expedita quia veritatis excepturi maiores.', 4, '2017-12-07 08:01:28', '2017-12-07 08:01:28'),
(80, 6, 'Bret Terry IV', 'Nemo reiciendis et nostrum. Sequi non et dolorum fugit. Quod excepturi quo sit ea aut nobis. Suscipit animi animi officiis numquam. Non sed qui nobis enim illo quibusdam dolorem voluptate.', 0, '2017-12-07 08:01:28', '2017-12-07 08:01:28'),
(81, 6, 'Oral Langosh', 'Itaque et unde optio recusandae amet at fugiat. Inventore ratione repudiandae amet ipsam ratione. Iure ut ut ut sint quia aut doloremque.', 5, '2017-12-07 08:01:28', '2017-12-07 08:01:28'),
(82, 28, 'Lucile Johnson', 'Doloribus minima nemo quisquam saepe iusto assumenda. Recusandae magni vitae sequi placeat eos et. Quas distinctio dicta numquam non veritatis.', 3, '2017-12-07 08:01:28', '2017-12-07 08:01:28'),
(83, 3, 'Mac Jacobs', 'Error ipsam necessitatibus nemo culpa sit. Reprehenderit molestiae et sit nostrum. Temporibus nobis corrupti corporis odit. Iusto laudantium commodi ratione officiis officiis sint et.', 2, '2017-12-07 08:01:28', '2017-12-07 08:01:28'),
(84, 40, 'Miss Nakia Weissnat', 'Quod fuga cum natus aut fugiat ea. Impedit nemo eum error nulla delectus dolor aut et. Qui aliquid animi praesentium sit provident dolore adipisci. Et praesentium reiciendis sed voluptas aperiam rerum amet libero.', 3, '2017-12-07 08:01:28', '2017-12-07 08:01:28'),
(85, 28, 'Dr. Miracle Grady', 'Qui molestiae vero quod odio. Occaecati quae quia doloremque illum voluptatem.', 3, '2017-12-07 08:01:28', '2017-12-07 08:01:28'),
(86, 44, 'Garrett Ratke I', 'Dolorum ratione neque perferendis tempore rerum. Aliquam aut voluptates pariatur odio. Delectus reiciendis similique dolores labore eum adipisci.', 1, '2017-12-07 08:01:28', '2017-12-07 08:01:28'),
(87, 38, 'Dr. Dylan Hammes', 'Velit rerum ex ea quia esse odit sed. Atque magni iusto dolorum sit. Ad dolor enim doloremque sed consequuntur velit cum. Ut laudantium molestiae magni accusantium sit.', 4, '2017-12-07 08:01:28', '2017-12-07 08:01:28'),
(88, 42, 'Clay Connelly', 'Incidunt velit nulla consequatur beatae qui sit expedita. Voluptatibus voluptas ut voluptas inventore. Error quasi ea nihil sed ut ut non debitis. Assumenda temporibus et magnam inventore atque in aut.', 1, '2017-12-07 08:01:28', '2017-12-07 08:01:28'),
(89, 25, 'Mrs. Kaylee Bechtelar Sr.', 'Eligendi quod quia sint aut voluptatem ullam. Dolore in voluptatum velit modi. Nihil qui non qui repellendus delectus sint aliquam. Qui similique est consequatur a.', 3, '2017-12-07 08:01:28', '2017-12-07 08:01:28'),
(90, 34, 'Wilhelm Corkery DVM', 'Voluptas explicabo corrupti et deserunt autem. Ratione magnam est consequatur molestiae quam facilis.', 5, '2017-12-07 08:01:29', '2017-12-07 08:01:29'),
(91, 30, 'Mr. Emil Lynch I', 'Reiciendis dolorum reiciendis soluta exercitationem reprehenderit optio totam non. Quo dignissimos quae est minima voluptates. Vel quos aliquam laboriosam animi sunt laborum voluptas. Ut repudiandae voluptas consequatur qui quas aut quo exercitationem.', 5, '2017-12-07 08:01:29', '2017-12-07 08:01:29'),
(92, 39, 'Aracely O\'Conner', 'Voluptatem ab ipsam asperiores vel. Voluptatum vitae omnis ducimus rerum dolore quasi molestiae. Cumque dignissimos ut iste maxime. Saepe cum fuga est in cupiditate.', 1, '2017-12-07 08:01:29', '2017-12-07 08:01:29'),
(93, 34, 'Mrs. Kaylie McClure', 'Dolorem officia consequatur nemo sit placeat veniam. Qui accusamus porro alias corporis necessitatibus enim. Dolorem nesciunt non assumenda et qui.', 3, '2017-12-07 08:01:29', '2017-12-07 08:01:29'),
(94, 17, 'Tiana Botsford V', 'Eaque maiores qui cum mollitia. In nam corrupti maxime et.', 2, '2017-12-07 08:01:29', '2017-12-07 08:01:29'),
(95, 31, 'Nicklaus Beer', 'Dolore cupiditate at voluptatum culpa magnam. Et tenetur excepturi est omnis accusamus. Ipsam nesciunt tempore aut eius voluptatem et. Totam fugit omnis ea minus atque. Eaque natus excepturi soluta neque ut repudiandae.', 2, '2017-12-07 08:01:29', '2017-12-07 08:01:29'),
(96, 4, 'Cary Welch', 'Vel est tempore occaecati vel ex veritatis. Voluptates qui neque natus illo ut sint qui.', 0, '2017-12-07 08:01:29', '2017-12-07 08:01:29'),
(97, 1, 'Xavier Spinka', 'Et voluptas et consequatur sit illum sit. Pariatur quos in aperiam corporis ut saepe blanditiis. Non consectetur et doloribus voluptatum. Quod sed libero quaerat officia nam soluta mollitia dolore.', 1, '2017-12-07 08:01:29', '2017-12-07 08:01:29'),
(98, 9, 'Prof. Santina Brown', 'Voluptatum cupiditate eum cumque rerum. Minus vel maiores doloribus dolor blanditiis dolorem et. Harum libero consectetur at id. Et doloribus rerum autem similique qui rem nostrum esse. Voluptates cum necessitatibus quam vel.', 4, '2017-12-07 08:01:29', '2017-12-07 08:01:29'),
(99, 46, 'Miss Alicia Rippin Jr.', 'Perspiciatis sint esse pariatur. Laborum veniam ut accusamus quas ab quia quibusdam. Facilis labore et in molestiae blanditiis. Enim voluptas voluptas praesentium accusantium qui.', 0, '2017-12-07 08:01:29', '2017-12-07 08:01:29'),
(100, 17, 'Hattie Ullrich', 'Sint reprehenderit autem vitae ut. Voluptatum quasi quisquam repellat sint debitis qui. Ad unde pariatur blanditiis commodi tenetur.', 2, '2017-12-07 08:01:29', '2017-12-07 08:01:29'),
(101, 41, 'Mrs. Georgette Skiles I', 'Voluptate ut provident aliquam explicabo tenetur earum dolorem. Quia suscipit qui perspiciatis voluptas et autem. Et necessitatibus rerum nesciunt nemo maxime. Distinctio voluptatem voluptatem reprehenderit ipsa et.', 2, '2017-12-07 08:01:29', '2017-12-07 08:01:29'),
(102, 32, 'Martine Upton PhD', 'Autem omnis nihil id beatae consequatur. Ut ut quam molestias sit ut et neque temporibus. Velit distinctio iure officia autem voluptas similique est error.', 0, '2017-12-07 08:01:29', '2017-12-07 08:01:29'),
(103, 42, 'Meagan Lemke', 'Iure quis repellendus eum id. Hic quia quam eos. Rerum fugit ad rem repellendus. Non rerum fugit esse id.', 2, '2017-12-07 08:01:29', '2017-12-07 08:01:29'),
(104, 21, 'Priscilla Mertz', 'Error tenetur ipsa quia inventore dicta neque dolorem perferendis. Occaecati et dolorum aut. Sunt et magni assumenda asperiores non dolor voluptas quaerat. Praesentium repellendus ab sunt quia exercitationem dicta excepturi.', 1, '2017-12-07 08:01:29', '2017-12-07 08:01:29'),
(105, 50, 'Mrs. Janis Ullrich Sr.', 'In exercitationem corporis et consequatur. Omnis qui voluptatem quia.', 2, '2017-12-07 08:01:30', '2017-12-07 08:01:30'),
(106, 41, 'Rita Bartell IV', 'Molestias est ut necessitatibus harum aut non. Quos dolorem in quibusdam libero. Vitae est quam error consequatur incidunt voluptas dicta voluptas.', 2, '2017-12-07 08:01:30', '2017-12-07 08:01:30'),
(107, 21, 'Miss Haylie Lehner Sr.', 'Perferendis non quis ducimus eum sapiente quam est rerum. Officiis magnam aut qui quod rerum quaerat iure magnam. Est aperiam inventore ducimus omnis in dolor corrupti.', 1, '2017-12-07 08:01:30', '2017-12-07 08:01:30'),
(108, 32, 'Ms. Flossie Boyer MD', 'Provident earum facilis autem ipsum numquam sunt suscipit repudiandae. Doloremque temporibus dolor sed repellendus quia nam velit. Ea enim cumque odio consequatur amet. Deserunt minus enim qui et.', 5, '2017-12-07 08:01:30', '2017-12-07 08:01:30'),
(109, 24, 'Adan Hickle', 'Autem velit rem occaecati impedit. Minima minima quos qui possimus necessitatibus impedit. Veniam et natus consequatur magni. Molestiae molestias commodi similique deserunt officiis. Occaecati sit et eum illo tempore aut harum.', 3, '2017-12-07 08:01:30', '2017-12-07 08:01:30'),
(110, 37, 'Dr. Adonis West', 'Aliquid est facere aut qui rem ut. Qui autem facere quia vitae voluptas sit similique. Blanditiis illum id ut quasi necessitatibus neque enim.', 2, '2017-12-07 08:01:30', '2017-12-07 08:01:30'),
(111, 4, 'Telly Blanda', 'Nulla dolores neque natus aut qui. Deserunt at maiores est. Quia odio perferendis officiis soluta alias. Et aut atque possimus. Tenetur modi non blanditiis totam non architecto necessitatibus expedita.', 0, '2017-12-07 08:01:30', '2017-12-07 08:01:30'),
(112, 38, 'Reymundo Pouros', 'Necessitatibus sequi ducimus quam. Tempore quam tempora reprehenderit qui aut quos doloribus. Amet dicta molestiae quibusdam labore vel occaecati. Corporis qui maiores tempore vel fuga consequuntur.', 0, '2017-12-07 08:01:30', '2017-12-07 08:01:30'),
(113, 4, 'Francesco Gutkowski', 'Vitae voluptatum laboriosam tempore dolor. Maxime officia quisquam rerum fugiat. Quia sit omnis laboriosam impedit.', 5, '2017-12-07 08:01:30', '2017-12-07 08:01:30'),
(114, 12, 'Mrs. Minerva Roob MD', 'Aut iure a inventore nostrum. Aut at consequatur ut velit qui. Facere vitae earum laboriosam in. Quisquam suscipit nemo adipisci cumque.', 1, '2017-12-07 08:01:30', '2017-12-07 08:01:30'),
(115, 13, 'Mrs. Brionna Olson V', 'Culpa voluptatibus aut tenetur dolore consequuntur rerum atque vitae. Facilis voluptatem quas qui iure natus at odit. Ut sint autem architecto et quis ipsum. Odit similique cupiditate sit eos id voluptates.', 0, '2017-12-07 08:01:30', '2017-12-07 08:01:30'),
(116, 1, 'Zoie Mitchell', 'Error velit optio maxime libero. Debitis enim facere ex rerum. Consequatur ratione rerum quam cum.', 4, '2017-12-07 08:01:30', '2017-12-07 08:01:30'),
(117, 27, 'Dillan Green', 'Explicabo error id qui placeat illo nemo nesciunt. Sed aliquid sapiente sint. Qui et non aliquid sunt. Dignissimos dolore debitis recusandae fugiat magni consequatur et.', 0, '2017-12-07 08:01:30', '2017-12-07 08:01:30'),
(118, 29, 'Fanny Schimmel', 'Blanditiis ullam unde et voluptas modi ex quis. Minus autem sint impedit reiciendis. Amet rerum aperiam a molestiae et deleniti. Vel sunt dolor deleniti qui.', 4, '2017-12-07 08:01:30', '2017-12-07 08:01:30'),
(119, 7, 'Kadin Hane', 'Dolorem ut earum velit modi fugit. Eum ducimus sit suscipit dolorem dolores.', 0, '2017-12-07 08:01:30', '2017-12-07 08:01:30'),
(120, 21, 'Dr. Sterling Moore DVM', 'Natus iusto aut ipsam voluptatem magnam quo placeat. Excepturi ducimus repudiandae recusandae eveniet cupiditate aspernatur ut.', 4, '2017-12-07 08:01:30', '2017-12-07 08:01:30'),
(121, 13, 'Dr. Ettie DuBuque', 'Soluta eaque fugiat enim possimus. Accusantium ratione recusandae labore est odio odit ad. Reprehenderit doloremque minima vitae voluptatem.', 2, '2017-12-07 08:01:30', '2017-12-07 08:01:30'),
(122, 8, 'Hardy O\'Conner', 'Minima ut aut aliquid odit in. Accusantium ut aut ipsam voluptatibus dolores eaque. Rerum quia aspernatur dolorem quae et animi.', 4, '2017-12-07 08:01:31', '2017-12-07 08:01:31'),
(123, 14, 'Ludie Muller', 'Officia nemo rerum quis aperiam earum eaque unde. Voluptatibus molestiae saepe dolores repellat doloribus inventore minima. Odio et et eum voluptas architecto cupiditate. Facilis ut alias laudantium sapiente ipsa officia.', 3, '2017-12-07 08:01:31', '2017-12-07 08:01:31'),
(124, 35, 'Keith Steuber', 'Id quia dolorem accusantium id voluptas porro officia. Et debitis vitae odit sed possimus in nisi est. Sunt commodi tempore sed aperiam iure illum ipsum. Exercitationem incidunt aut ipsa quae et.', 5, '2017-12-07 08:01:31', '2017-12-07 08:01:31'),
(125, 20, 'Brody Barrows', 'Eaque neque distinctio quis in quia. Culpa impedit molestias provident rerum. Eveniet voluptas qui deserunt quas. Eos autem et praesentium dignissimos facilis dolores nemo.', 5, '2017-12-07 08:01:31', '2017-12-07 08:01:31'),
(126, 36, 'Granville Jast Sr.', 'Quidem et ut blanditiis blanditiis ducimus sed sapiente. Assumenda vero unde provident voluptatem libero inventore numquam. Veniam blanditiis amet sit aut ipsum et aliquam.', 1, '2017-12-07 08:01:31', '2017-12-07 08:01:31'),
(127, 25, 'Ms. Chasity Langworth II', 'Error ad laudantium in fugit. Ut doloribus cumque dolore qui aspernatur distinctio. Aut atque non officiis magnam ut.', 3, '2017-12-07 08:01:31', '2017-12-07 08:01:31'),
(128, 22, 'Ardella Bednar', 'Sunt molestias doloribus vitae. Minima fugit voluptatem aut et omnis. Sint laborum atque fugiat. Reprehenderit repellendus sit quod dolorem non.', 1, '2017-12-07 08:01:31', '2017-12-07 08:01:31'),
(129, 26, 'Darryl Beer', 'Sit consequuntur sint et unde fugit est impedit. Nobis ea est esse ratione. Magni sequi minima cupiditate consequatur.', 5, '2017-12-07 08:01:31', '2017-12-07 08:01:31'),
(130, 49, 'Isobel Stanton', 'Rerum sit totam est distinctio rerum ipsam voluptates. Commodi eum libero pariatur ut. Aut harum minus et veritatis laborum.', 4, '2017-12-07 08:01:31', '2017-12-07 08:01:31'),
(131, 50, 'Hassan Ondricka', 'Sapiente consequatur aut itaque qui impedit. Ex blanditiis atque dolor natus quis quod veritatis sed. Nostrum eos pariatur consequuntur eligendi nihil fugit consectetur.', 5, '2017-12-07 08:01:31', '2017-12-07 08:01:31'),
(132, 33, 'Antwon Kuphal', 'Qui dolorum in aut doloremque modi. Quia et error tenetur et quaerat aliquam velit ipsam. Odit quasi sunt vel cupiditate excepturi maiores accusantium cupiditate. Similique enim voluptatibus voluptatem quos inventore.', 3, '2017-12-07 08:01:31', '2017-12-07 08:01:31'),
(133, 50, 'Juliet Fritsch', 'Officiis laborum illum numquam illum ea sint. Voluptas possimus quae enim dicta eos. Sit ipsam quibusdam numquam aut dignissimos mollitia enim. Facilis provident sequi vel est perferendis. Dolores magnam in quo dolore autem.', 4, '2017-12-07 08:01:31', '2017-12-07 08:01:31'),
(134, 7, 'Freda Cronin', 'Laboriosam voluptatem magnam illum. Ea blanditiis quas est fuga ipsam voluptas incidunt. Autem iste et aut facilis sed et autem.', 5, '2017-12-07 08:01:31', '2017-12-07 08:01:31'),
(135, 16, 'Chaya Hoppe', 'Ratione aliquid magni sequi exercitationem est fuga. Praesentium voluptates adipisci et. Tempora nostrum voluptatem aut neque doloremque. Molestiae voluptatem facere magnam nihil architecto consequatur.', 1, '2017-12-07 08:01:31', '2017-12-07 08:01:31'),
(136, 22, 'Dr. Mikel Corwin III', 'At cumque eum quia. Et voluptas blanditiis exercitationem dignissimos. Assumenda qui deleniti recusandae perspiciatis et id quos tenetur. Delectus fuga blanditiis et inventore recusandae quisquam quam. Vel voluptas fugiat provident asperiores.', 2, '2017-12-07 08:01:31', '2017-12-07 08:01:31'),
(137, 10, 'Larissa Walsh', 'Odit reprehenderit ut voluptatem id omnis voluptatem omnis assumenda. Nostrum ex accusamus ullam perspiciatis non animi. Et dolorem sunt molestiae consectetur omnis ipsum quia.', 5, '2017-12-07 08:01:31', '2017-12-07 08:01:31'),
(138, 18, 'Webster Welch', 'Velit vel ut at ducimus et et ea. Fugiat aperiam rerum sed quia explicabo laboriosam. Magni quisquam officiis provident corporis beatae quaerat. Odio pariatur nesciunt rem repudiandae id et vero.', 5, '2017-12-07 08:01:31', '2017-12-07 08:01:31'),
(139, 17, 'Miss Crystel Kohler', 'Enim magnam at fugit quia totam ut in. Voluptatem sint et culpa autem qui blanditiis provident. Consequatur nulla est natus rerum maiores placeat sed. Recusandae et odio possimus sit enim quod. Consequatur ut ut dolores aut.', 5, '2017-12-07 08:01:31', '2017-12-07 08:01:31'),
(140, 30, 'Elwin Larson', 'Perferendis eaque esse debitis ea facilis et dolores. Consequatur dicta incidunt veritatis possimus quisquam. Qui explicabo omnis esse dolor tempore dolore.', 0, '2017-12-07 08:01:32', '2017-12-07 08:01:32'),
(141, 15, 'Wava Schimmel', 'Sequi qui animi veniam sint. Necessitatibus et facere qui id eum in. Delectus reprehenderit voluptatem nihil earum minima ipsum distinctio quo. Sunt vero excepturi occaecati earum.', 1, '2017-12-07 08:01:32', '2017-12-07 08:01:32'),
(142, 29, 'Uriel Pacocha', 'Itaque ratione eos sed. Ut eos iusto eveniet animi voluptas. Magnam distinctio architecto similique culpa dicta error. Expedita vel est nihil qui amet est.', 1, '2017-12-07 08:01:32', '2017-12-07 08:01:32'),
(143, 1, 'Roberta Swift III', 'Quasi ipsum optio aspernatur quasi deserunt voluptatem laboriosam tempora. Voluptatem perferendis architecto laudantium minus. Adipisci quaerat atque illum beatae distinctio dolorem nihil.', 2, '2017-12-07 08:01:32', '2017-12-07 08:01:32'),
(144, 15, 'Elena Green', 'Corrupti vel distinctio et aliquam enim at. Reiciendis rerum rerum eveniet pariatur perferendis laudantium perspiciatis. Et voluptate ullam ut voluptatem eum distinctio.', 1, '2017-12-07 08:01:32', '2017-12-07 08:01:32'),
(145, 41, 'Marie Roob', 'Tempora consequatur unde vel qui. Et sapiente provident eligendi laborum molestiae. Aut laborum rerum qui officia. Sint aut ipsam quae saepe quo mollitia.', 3, '2017-12-07 08:01:32', '2017-12-07 08:01:32'),
(146, 18, 'Emilio Kiehn', 'Veniam dolorem et facere odit saepe. Quia repudiandae similique earum. Voluptatibus voluptatem similique corporis est. Aut est aliquam in consequatur.', 1, '2017-12-07 08:01:32', '2017-12-07 08:01:32'),
(147, 29, 'Doug Lockman', 'Doloribus enim dicta qui aut consequatur praesentium. Nisi reprehenderit ipsam autem quia sunt id. Sint voluptatibus numquam ad molestiae est.', 3, '2017-12-07 08:01:32', '2017-12-07 08:01:32'),
(148, 11, 'Mr. Eleazar Stark MD', 'Laborum qui voluptatem ut accusamus quidem suscipit numquam ad. Suscipit ut at accusantium voluptas alias non atque. Dolor ut voluptas ipsa aliquid ut non. Veniam saepe debitis aut facere.', 5, '2017-12-07 08:01:32', '2017-12-07 08:01:32'),
(149, 24, 'Kris Bins', 'Aut laboriosam totam aspernatur pariatur cupiditate harum. Quae velit distinctio et et. Sed voluptatem vero consequatur neque quia. Qui inventore distinctio nisi quam.', 5, '2017-12-07 08:01:32', '2017-12-07 08:01:32'),
(150, 42, 'Prof. Susie Prosacco', 'Sit dolorem consectetur laboriosam earum maxime nostrum quia. Totam dolorem dolorem ut et quo illum voluptatum.', 0, '2017-12-07 08:01:32', '2017-12-07 08:01:32'),
(151, 37, 'Miss Jany Rutherford', 'Quia qui in omnis est laudantium. Nihil quis voluptate rem qui voluptatem. Magni totam autem ullam soluta non ut.', 0, '2017-12-07 08:01:32', '2017-12-07 08:01:32'),
(152, 29, 'Mr. Leland Osinski', 'Et ea distinctio dolor. Eveniet labore aliquam nisi adipisci expedita vel beatae consequatur. Eligendi ad tempora sint laboriosam mollitia. Et deleniti repellat et sed est.', 0, '2017-12-07 08:01:32', '2017-12-07 08:01:32'),
(153, 29, 'Marion Langworth PhD', 'Aut totam voluptatum accusantium et. Officiis ab id sint nesciunt atque quam. Non consectetur voluptatibus minus est.', 2, '2017-12-07 08:01:32', '2017-12-07 08:01:32'),
(154, 6, 'Layla Larkin', 'Dicta et quidem repudiandae magni aut porro et doloribus. Et esse laboriosam et voluptatem quasi impedit optio quia. Praesentium perspiciatis in facere velit aut consequuntur. Est atque tempore eius nisi quis.', 5, '2017-12-07 08:01:32', '2017-12-07 08:01:32'),
(155, 16, 'Effie Heller', 'Atque minima quia velit molestiae hic. Eius veritatis illum assumenda eaque optio facilis accusamus. Dolor ipsa dolore iusto doloremque adipisci voluptatem quisquam. Quos libero soluta et.', 1, '2017-12-07 08:01:32', '2017-12-07 08:01:32'),
(156, 1, 'Miss Earline Rempel IV', 'Consequuntur ipsum quidem eos rerum voluptatem. Rem qui et quia at rerum voluptatem est. Eligendi libero tempore qui perspiciatis non.', 3, '2017-12-07 08:01:32', '2017-12-07 08:01:32'),
(157, 8, 'Adah Johnson', 'Odio qui velit ducimus. Earum modi error rerum quia sit sit. Laboriosam quas eaque numquam deleniti. Impedit dicta quisquam magnam quia nobis. Omnis doloremque enim et et quis ullam.', 1, '2017-12-07 08:01:33', '2017-12-07 08:01:33'),
(158, 14, 'Lucius Boyle', 'Veniam eaque aut dolores repellendus tenetur impedit debitis. Eaque aut nostrum animi molestiae fugit ratione. Et magni iusto rerum.', 2, '2017-12-07 08:01:33', '2017-12-07 08:01:33'),
(159, 49, 'Conor Kulas', 'Exercitationem maiores expedita nihil. Dolorum voluptas eveniet quia sed in esse placeat. Saepe hic et et quia reiciendis explicabo. Debitis animi nulla reprehenderit eius non officiis.', 1, '2017-12-07 08:01:33', '2017-12-07 08:01:33'),
(160, 2, 'Elliott Stroman II', 'Qui earum qui aliquam asperiores saepe provident quaerat. Unde non est rerum cupiditate dicta occaecati aut. Qui ex maiores adipisci quo dicta est. Nesciunt accusamus deserunt itaque nihil. Asperiores exercitationem consequatur blanditiis quaerat eos aliquid.', 1, '2017-12-07 08:01:33', '2017-12-07 08:01:33'),
(161, 39, 'Sean White', 'Dolor fuga recusandae occaecati et aut qui maxime aliquam. Et et laborum totam quod.', 1, '2017-12-07 08:01:33', '2017-12-07 08:01:33'),
(162, 34, 'Dr. Marquis Breitenberg', 'Omnis autem ratione culpa placeat. Veniam voluptatem et veritatis voluptas. Sit cupiditate magni omnis est saepe corrupti illum.', 1, '2017-12-07 08:01:33', '2017-12-07 08:01:33'),
(163, 4, 'Selmer Lubowitz', 'Quos in error et placeat eum. Occaecati odit ut voluptas tempora omnis labore. Molestiae similique repellendus sint nihil quaerat repellat repudiandae.', 2, '2017-12-07 08:01:33', '2017-12-07 08:01:33'),
(164, 25, 'Miss Alysson Quitzon', 'Ea quidem et maxime eveniet doloribus adipisci alias voluptatem. Qui necessitatibus ut nostrum quaerat cum fugiat sequi nisi. Tempora minima ea vero neque temporibus ea. Illo et nam numquam vero.', 4, '2017-12-07 08:01:33', '2017-12-07 08:01:33'),
(165, 13, 'Alan Lebsack', 'Earum nemo dolore voluptatem suscipit corrupti qui est. Explicabo ut ut commodi tenetur provident distinctio. Cum adipisci occaecati et aut non architecto consequatur. Iste iusto perspiciatis et sapiente. Aperiam similique illum fuga atque quia natus voluptatem autem.', 2, '2017-12-07 08:01:33', '2017-12-07 08:01:33'),
(166, 46, 'Herman Steuber', 'Consectetur fugit cum recusandae ut. Officiis dolorem eius aut quasi et maxime. Et architecto rerum ab optio et.', 0, '2017-12-07 08:01:33', '2017-12-07 08:01:33'),
(167, 23, 'Greta Hahn', 'Similique architecto aut impedit et. Eos dolorem adipisci quis corrupti perferendis rerum quia. Sit corporis ducimus ipsum et explicabo possimus. Occaecati aut nesciunt sint reprehenderit ducimus dolor.', 2, '2017-12-07 08:01:33', '2017-12-07 08:01:33'),
(168, 18, 'Laura Weissnat', 'Eum voluptatibus corrupti qui saepe. Quia in est nostrum provident consequatur. Vel voluptatem ut a minus.', 3, '2017-12-07 08:01:33', '2017-12-07 08:01:33'),
(169, 10, 'Anita Hammes', 'Vero qui eaque est incidunt ut. Repudiandae quia modi eveniet architecto aut. Voluptates delectus accusantium rerum nisi aliquid.', 4, '2017-12-07 08:01:33', '2017-12-07 08:01:33'),
(170, 32, 'Johnathon Crooks DVM', 'Dolor quia occaecati qui totam qui perferendis magnam. Iure voluptatem ipsa tempora et repudiandae et. Non incidunt id et aut. Sit a fugit incidunt fugit magni delectus.', 4, '2017-12-07 08:01:33', '2017-12-07 08:01:33'),
(171, 5, 'Prof. Sanford Keeling I', 'In sunt consequatur esse eaque doloremque iste. Vel nihil dolor alias. Quasi corporis blanditiis sunt perspiciatis quas non.', 3, '2017-12-07 08:01:33', '2017-12-07 08:01:33'),
(172, 6, 'Colin Eichmann', 'Quos quidem ut occaecati mollitia. Sequi maiores alias ex rem qui. Officia natus nam veritatis quia velit neque voluptatibus. Nisi qui incidunt quibusdam illo in perferendis.', 0, '2017-12-07 08:01:33', '2017-12-07 08:01:33'),
(173, 34, 'Jamey Schaden', 'Qui omnis tempore dolorem natus in. Recusandae ut sunt sed veritatis aliquam maiores. Et velit aut corporis vel pariatur est accusamus.', 1, '2017-12-07 08:01:33', '2017-12-07 08:01:33'),
(174, 33, 'Salvador Schmeler DVM', 'Et deserunt odit non consequatur consequatur impedit reiciendis odit. Dignissimos itaque in officiis vero id. Distinctio earum eaque iure.', 2, '2017-12-07 08:01:33', '2017-12-07 08:01:33'),
(175, 24, 'Kathryne Okuneva', 'Dolor quaerat qui et qui facere optio ducimus. Dolor rerum quisquam dolor amet. Non facilis fuga vel labore doloribus voluptates. Aspernatur odit animi magnam beatae consectetur.', 0, '2017-12-07 08:01:34', '2017-12-07 08:01:34'),
(176, 24, 'Mr. Milton Welch', 'Consequatur voluptas et voluptatem id. Recusandae quidem autem placeat qui dolores voluptatibus. Qui error quibusdam recusandae officia.', 0, '2017-12-07 08:01:34', '2017-12-07 08:01:34'),
(177, 30, 'Fannie Lebsack', 'Ipsam facilis et maiores. Voluptas fugiat laudantium quae impedit atque possimus asperiores. Debitis ullam sit modi quia. Quo similique quo deleniti officia.', 0, '2017-12-07 08:01:34', '2017-12-07 08:01:34'),
(178, 18, 'Earlene Thompson PhD', 'Consequatur accusamus assumenda ut perferendis odio. Dignissimos delectus voluptas quia deleniti et earum culpa repudiandae. Magni et sint qui nesciunt quis distinctio voluptas.', 2, '2017-12-07 08:01:34', '2017-12-07 08:01:34'),
(179, 4, 'Garnett Schultz', 'Ipsam voluptas libero nihil laborum asperiores a quia. Aut corrupti minima non possimus. In vel et inventore odit.', 1, '2017-12-07 08:01:34', '2017-12-07 08:01:34'),
(180, 7, 'Prof. Jordon King MD', 'Quia quis velit ab architecto error atque. Aut vero sit nesciunt est doloremque quia. Tempora beatae aliquid incidunt ad veritatis excepturi.', 5, '2017-12-07 08:01:34', '2017-12-07 08:01:34'),
(181, 11, 'Bernie Beahan', 'Qui et veniam ipsum vero cum cupiditate ut. Est earum eligendi consequuntur fuga.', 3, '2017-12-07 08:01:34', '2017-12-07 08:01:34'),
(182, 41, 'Vincenza Corwin', 'Voluptatem veniam omnis voluptatem ex est dolores. Minima amet quia dolores numquam rem ut. Non voluptatibus ut et dolore commodi ipsum. Quam facere doloremque nesciunt ut consectetur.', 2, '2017-12-07 08:01:34', '2017-12-07 08:01:34'),
(183, 29, 'Mr. Jaycee Hansen I', 'Corporis accusamus eum natus eum cupiditate corporis dolores. Temporibus odit accusantium minus quisquam eligendi quibusdam.', 5, '2017-12-07 08:01:34', '2017-12-07 08:01:34'),
(184, 11, 'Zora Bins', 'Sunt nihil voluptate quos vero sapiente. Accusantium facere voluptas voluptatem iste qui ducimus aut. Officia ipsam nobis repellendus nihil. Qui quos dicta suscipit numquam.', 2, '2017-12-07 08:01:34', '2017-12-07 08:01:34'),
(185, 25, 'Mr. Loyal Frami I', 'Voluptatum dolor ea minus est sint beatae. Placeat molestiae laudantium voluptas ducimus. Eius consectetur consequatur voluptas aut vel earum impedit.', 3, '2017-12-07 08:01:34', '2017-12-07 08:01:34'),
(186, 8, 'Ignatius Jacobi', 'Magnam praesentium ut tempora minus qui officia. Eius maxime id consequatur quod et atque.', 4, '2017-12-07 08:01:34', '2017-12-07 08:01:34'),
(187, 42, 'Addie Koss II', 'Accusamus odit sint voluptates ea. Maiores modi odio adipisci cumque porro accusamus. Fugiat ex sed sed aliquid deleniti minus qui. Quae enim accusamus sapiente sed architecto debitis vitae.', 2, '2017-12-07 08:01:35', '2017-12-07 08:01:35'),
(188, 3, 'Eleazar Wintheiser Sr.', 'Laborum aut omnis at. Ratione temporibus nihil iste molestiae debitis culpa porro.', 2, '2017-12-07 08:01:35', '2017-12-07 08:01:35'),
(189, 22, 'Dr. Kurt Pagac I', 'Qui optio dolor voluptates sed. Reprehenderit quas quo iure ut ex velit doloribus.', 3, '2017-12-07 08:01:35', '2017-12-07 08:01:35'),
(190, 8, 'Miss Bessie Renner', 'Molestiae inventore quia ut eos. Nulla eligendi est fugiat nesciunt. Distinctio amet pariatur reiciendis omnis nulla adipisci dolorem.', 1, '2017-12-07 08:01:35', '2017-12-07 08:01:35'),
(191, 47, 'Kobe Gutkowski', 'Ullam officia cumque commodi deleniti. Eos est voluptates facilis possimus molestiae reiciendis et. Ullam explicabo et blanditiis qui molestiae consequatur.', 2, '2017-12-07 08:01:35', '2017-12-07 08:01:35'),
(192, 49, 'Dr. Kamren Jenkins', 'Aut vel sed rerum corrupti. Labore molestiae fuga dolore. Quo ex vero soluta dolores ut dicta hic nam.', 5, '2017-12-07 08:01:35', '2017-12-07 08:01:35'),
(193, 25, 'Forrest Olson', 'Iusto explicabo earum omnis impedit nihil ex. Soluta ullam eligendi sit et praesentium non vel. Assumenda velit facilis odio quisquam eum qui. Placeat quis qui et optio. Consequatur nulla fugit autem deleniti consequatur cumque assumenda.', 2, '2017-12-07 08:01:35', '2017-12-07 08:01:35'),
(194, 36, 'Calista Johnson I', 'Labore aliquam eius esse consequatur amet sint. Magni quia nihil sit deleniti. Odio pariatur voluptatem enim voluptatibus eligendi suscipit dicta. Eligendi suscipit molestiae porro optio.', 5, '2017-12-07 08:01:35', '2017-12-07 08:01:35'),
(195, 35, 'Thea Doyle', 'Ut officiis est qui minima. Et praesentium reprehenderit qui in et. Et necessitatibus dolorum inventore ut tempore nihil.', 5, '2017-12-07 08:01:35', '2017-12-07 08:01:35'),
(196, 35, 'Jayce Goodwin', 'Ut fuga accusamus assumenda autem non omnis. Reprehenderit aut molestias aut veritatis reiciendis voluptatem aut. Distinctio quibusdam et in recusandae cumque. Autem provident officia rerum. Rerum aliquam autem voluptatem optio exercitationem ea perspiciatis.', 2, '2017-12-07 08:01:35', '2017-12-07 08:01:35'),
(197, 22, 'Prof. Dallas Mayer', 'Praesentium eum nostrum tempora sapiente. Odio corporis rerum quam repellendus voluptatem. Delectus reprehenderit vel est qui vero minus quo qui. Eveniet aut odit quidem aliquid.', 0, '2017-12-07 08:01:35', '2017-12-07 08:01:35'),
(198, 37, 'Marianne Howell', 'Nostrum magni nihil quo molestiae enim voluptate aut. Quod aut et nemo necessitatibus ea. Sint consequuntur aliquid praesentium qui velit. Voluptatem voluptatem aut ut ipsum qui temporibus.', 3, '2017-12-07 08:01:35', '2017-12-07 08:01:35'),
(199, 3, 'Raina O\'Keefe', 'Ut iusto ea consequatur nobis nihil quasi. Accusantium voluptatibus esse reiciendis sed dolorem omnis. Minima provident sed consectetur eos dolor vitae. Quis sunt dignissimos non. Sit corporis quasi quisquam quisquam iste.', 0, '2017-12-07 08:01:36', '2017-12-07 08:01:36'),
(200, 24, 'Linnie Douglas Jr.', 'Labore accusamus dolorum blanditiis voluptatem veritatis ad consequatur. Ullam quia illum hic aut iste. Unde sed occaecati quae at aut ut. Voluptates maiores reiciendis non.', 4, '2017-12-07 08:01:36', '2017-12-07 08:01:36'),
(201, 46, 'Viviane Rowe', 'Sequi et et minima cupiditate qui consequatur nemo quas. Tempore veritatis dolorem possimus voluptatem. Ut quis aspernatur qui. Suscipit sed eum adipisci vero et.', 2, '2017-12-07 08:01:36', '2017-12-07 08:01:36'),
(202, 18, 'Enid Torp', 'Rerum nulla neque eveniet corrupti velit. Et omnis et maxime dolore. Numquam dolor sunt dolor unde magni doloribus. Deserunt rerum error architecto mollitia.', 3, '2017-12-07 08:01:36', '2017-12-07 08:01:36'),
(203, 44, 'Jamil Gulgowski', 'Voluptatum tenetur tempora consequatur impedit a repudiandae officiis. Illum officia dolore est sed incidunt ut. Quia in et optio quod alias non omnis. Ad quo autem et eligendi.', 0, '2017-12-07 08:01:36', '2017-12-07 08:01:36'),
(204, 28, 'Dr. Price Bergstrom', 'Adipisci ut consequuntur dolore ut repellat quos. Veritatis ducimus repudiandae voluptate doloremque repellat. Minus omnis enim neque explicabo non.', 4, '2017-12-07 08:01:36', '2017-12-07 08:01:36'),
(205, 14, 'Sandy Doyle', 'Ipsa voluptatem explicabo non praesentium totam et occaecati. Eos aut a et harum. Dolorem illum delectus at suscipit voluptas deserunt. Vel error nesciunt ut magni iste dolor consequatur.', 2, '2017-12-07 08:01:36', '2017-12-07 08:01:36'),
(206, 17, 'Katelin Anderson V', 'Eos ab est et ea. Sunt ea et sit deleniti vero est.', 2, '2017-12-07 08:01:36', '2017-12-07 08:01:36'),
(207, 38, 'Brittany Bednar', 'Qui fugit sapiente libero adipisci ducimus et. Est non quos totam. Velit dignissimos similique et enim perspiciatis ut.', 0, '2017-12-07 08:01:36', '2017-12-07 08:01:36'),
(208, 25, 'Mr. Deshaun Cormier', 'Placeat rerum quia quia aut reiciendis reiciendis. Tenetur mollitia ex officia. Et sit ea itaque temporibus nostrum voluptatum excepturi. Impedit quis blanditiis asperiores excepturi temporibus ipsam.', 0, '2017-12-07 08:01:36', '2017-12-07 08:01:36');
INSERT INTO `reviews` (`id`, `product_id`, `customer`, `review`, `star`, `created_at`, `updated_at`) VALUES
(209, 8, 'Vincenza Batz', 'Nemo minus officia est eum eaque. Labore minus voluptatum similique earum eligendi. Consequatur aut aut vel culpa eius sunt. Molestiae perferendis repellendus ipsa aut necessitatibus. Placeat ut enim fuga ut cumque.', 1, '2017-12-07 08:01:36', '2017-12-07 08:01:36'),
(210, 6, 'Dr. Hank Moore Sr.', 'Et aliquid nihil eaque et ipsam consequuntur. Aliquam sit odit non sed debitis cum. Quo laudantium repellendus necessitatibus in. Ut dolore dolorem sed dolorem ipsam ipsa eum.', 0, '2017-12-07 08:01:36', '2017-12-07 08:01:36'),
(211, 47, 'Rory Batz', 'Sint nihil consequuntur tenetur commodi fuga qui. Sed aliquid maxime nulla est laudantium corporis qui. Aut sunt enim vitae et perspiciatis.', 4, '2017-12-07 08:01:36', '2017-12-07 08:01:36'),
(212, 31, 'Dr. Bertrand Bruen', 'Quae et modi quibusdam recusandae libero voluptatem necessitatibus. Corrupti cum culpa voluptate exercitationem aliquam nam nihil.', 4, '2017-12-07 08:01:36', '2017-12-07 08:01:36'),
(213, 38, 'Darby Hintz', 'Qui totam sint est atque. Excepturi incidunt sed assumenda cupiditate accusamus. Alias nobis et et.', 0, '2017-12-07 08:01:37', '2017-12-07 08:01:37'),
(214, 11, 'Hannah Bergnaum', 'Quo qui tenetur aperiam vitae eligendi hic. Vel omnis non quae suscipit et repudiandae. Alias ut et illum est praesentium ut voluptatum quae. Illum qui laborum porro cupiditate voluptatem minus nulla.', 5, '2017-12-07 08:01:37', '2017-12-07 08:01:37'),
(215, 5, 'Halle Beier', 'Officiis nihil quis inventore modi quia placeat veritatis. Autem ducimus animi quisquam distinctio. Ipsa quam magni ducimus aut voluptatem natus dolor accusantium. Non voluptas non illo. Distinctio quia iusto cupiditate non voluptatem enim vel placeat.', 2, '2017-12-07 08:01:37', '2017-12-07 08:01:37'),
(216, 20, 'Dana Abshire', 'Assumenda omnis veritatis ex debitis. Autem eaque vero voluptatem. Praesentium atque molestiae accusantium alias consequatur porro eos rerum. Id est quisquam soluta quidem est repudiandae. Eveniet perferendis quas ut sint illo.', 5, '2017-12-07 08:01:37', '2017-12-07 08:01:37'),
(217, 36, 'Donato Konopelski', 'Excepturi ut dicta quos ipsam sint repellat fugit. Molestiae omnis et quod accusantium. Autem qui voluptatem magni quam nam porro rem eligendi.', 2, '2017-12-07 08:01:37', '2017-12-07 08:01:37'),
(218, 9, 'Crawford Rosenbaum', 'Aut sint natus aspernatur tempore repellat facilis. Optio quas eligendi sit neque facere expedita ea. Beatae eaque pariatur tempore odit sit vero perferendis et.', 4, '2017-12-07 08:01:37', '2017-12-07 08:01:37'),
(219, 40, 'Prof. Francesca Predovic I', 'Iure vel mollitia qui ab illum. Quibusdam cupiditate et sed vel aliquid vero ut. Ipsum animi ducimus asperiores dolores beatae dignissimos neque. Inventore possimus eveniet architecto est ipsa porro.', 2, '2017-12-07 08:01:37', '2017-12-07 08:01:37'),
(220, 50, 'Ward Collier', 'Ad rerum pariatur voluptas fuga voluptatem ut atque aliquid. Aut nobis rerum doloribus assumenda harum placeat fugit. Natus animi voluptatum eum et sapiente.', 5, '2017-12-07 08:01:37', '2017-12-07 08:01:37'),
(221, 23, 'Isaiah Heathcote', 'Laudantium dignissimos sint esse assumenda sed. Aut repellendus laborum ut fugiat. Voluptatem reiciendis corporis corrupti fuga voluptatibus.', 4, '2017-12-07 08:01:37', '2017-12-07 08:01:37'),
(222, 5, 'Margot Daniel', 'Dicta sit et est ullam similique sunt laborum. Itaque quibusdam quis cum repellendus quibusdam autem. Eos quo culpa expedita provident officia ab et. Ut rerum quidem accusamus quia deserunt iusto.', 4, '2017-12-07 08:01:37', '2017-12-07 08:01:37'),
(223, 33, 'Sasha Bradtke IV', 'Unde nostrum laudantium ab omnis sed voluptas ut dolor. Exercitationem dolor non non voluptatem quibusdam. Dolorum alias sit maxime amet debitis excepturi non.', 2, '2017-12-07 08:01:37', '2017-12-07 08:01:37'),
(224, 35, 'Mrs. Gabriella Yost II', 'Optio tempora amet ab adipisci est rerum. Id ut sint nostrum ducimus.', 5, '2017-12-07 08:01:37', '2017-12-07 08:01:37'),
(225, 12, 'Prof. Jodie Dietrich', 'Iure a at est eius eos. Neque veritatis qui aliquid autem. Magnam dignissimos voluptatibus nostrum officia totam eum non.', 3, '2017-12-07 08:01:37', '2017-12-07 08:01:37'),
(226, 21, 'Dr. Magnolia Kunze', 'Est facilis ipsa eos qui. Fuga dolores voluptas nesciunt delectus sint. Qui necessitatibus quod aliquam voluptates magni. Vitae quis qui eveniet et voluptate quam est.', 4, '2017-12-07 08:01:37', '2017-12-07 08:01:37'),
(227, 45, 'Griffin Ortiz Sr.', 'Dicta repellat commodi aspernatur veniam eaque suscipit debitis. Quia mollitia unde et. Quis odio laboriosam repellat fugiat dolores amet et et. Exercitationem in error voluptatum est.', 4, '2017-12-07 08:01:38', '2017-12-07 08:01:38'),
(228, 19, 'Franco Simonis', 'Libero nobis fugit facilis. Et est dicta dolor officia est. Error mollitia sint eius accusantium. Voluptatem veniam voluptas et corrupti tempora cupiditate fuga.', 1, '2017-12-07 08:01:38', '2017-12-07 08:01:38'),
(229, 20, 'Milan Powlowski', 'Quae vitae corrupti impedit modi. Laborum quia minus quasi. Id ipsam quis aut delectus modi aut.', 5, '2017-12-07 08:01:38', '2017-12-07 08:01:38'),
(230, 23, 'Lauriane Johns', 'Quaerat et hic vel id hic laborum quam. Voluptates molestiae voluptatem repellendus rerum voluptatem voluptatibus. Repellat autem voluptas autem autem odit. Eos a esse rem deleniti est. Totam laborum earum delectus totam.', 1, '2017-12-07 08:01:38', '2017-12-07 08:01:38'),
(231, 14, 'Wellington Harris V', 'Magnam ab delectus deleniti reiciendis cumque. Provident voluptatem est quis id quod aut. Ducimus quasi maiores excepturi consequatur quia vel. Consequatur rem numquam nihil illum qui ut dolor.', 0, '2017-12-07 08:01:38', '2017-12-07 08:01:38'),
(232, 29, 'Prof. Baron Cremin', 'Animi voluptas impedit corrupti hic amet. Doloremque dicta fugiat suscipit reprehenderit iusto. Expedita ad odit odit labore consequatur.', 4, '2017-12-07 08:01:38', '2017-12-07 08:01:38'),
(233, 18, 'Carlos Kub DDS', 'Qui qui similique veniam iusto quibusdam velit quia. Et repellat neque rerum nisi nobis. In natus sed saepe exercitationem aut.', 0, '2017-12-07 08:01:38', '2017-12-07 08:01:38'),
(234, 50, 'Dr. Ressie Lebsack PhD', 'Sunt quos velit sunt nisi sed qui illum nulla. Rerum fugiat ipsum ratione tempora dicta. Magni nobis consequuntur libero vel. Recusandae hic consequatur totam fugit.', 2, '2017-12-07 08:01:38', '2017-12-07 08:01:38'),
(235, 19, 'Mr. Hilton Farrell', 'Harum autem voluptas nihil qui. Quaerat doloribus voluptas quis at debitis non et commodi. Inventore quia alias rerum nihil minus. Deleniti nihil sapiente aut optio eum magnam.', 2, '2017-12-07 08:01:38', '2017-12-07 08:01:38'),
(236, 7, 'Ezekiel Jones', 'Vitae eum voluptatibus voluptate dolor tempora maiores quidem. Hic ullam ut error consequatur excepturi voluptas maxime. Et laborum reiciendis similique labore quia amet quia. Laboriosam at non autem. Voluptas quis et autem sequi ut maiores omnis.', 2, '2017-12-07 08:01:38', '2017-12-07 08:01:38'),
(237, 44, 'Dr. Timothy Quitzon V', 'Animi reprehenderit laborum quia doloribus. Nobis et vel qui sed ad sit. Nam fugiat voluptate dolores dolores qui non aut.', 3, '2017-12-07 08:01:38', '2017-12-07 08:01:38'),
(238, 32, 'Dr. Shyann Batz', 'Recusandae repellendus sequi ullam nihil corrupti nisi consectetur. Quibusdam nisi praesentium vitae ut provident molestias. Quis debitis eveniet voluptatum est quidem eaque. Non aliquid consequatur consectetur vero.', 0, '2017-12-07 08:01:38', '2017-12-07 08:01:38'),
(239, 5, 'Prof. Rogelio Fadel', 'Facilis et eos expedita ipsa quia asperiores sed. Dolorum voluptates exercitationem adipisci eum ullam sint est. Sunt rerum excepturi molestiae et voluptas suscipit.', 4, '2017-12-07 08:01:38', '2017-12-07 08:01:38'),
(240, 36, 'Jackeline Ruecker', 'Eum eum molestiae natus eum. Facere reprehenderit vel maxime quis cumque natus. Laboriosam unde perferendis aut dolor ipsum est.', 4, '2017-12-07 08:01:38', '2017-12-07 08:01:38'),
(241, 9, 'Judson Rohan', 'Autem accusamus exercitationem suscipit autem. Sit exercitationem id eum quia velit perferendis. Ut expedita quia totam.', 0, '2017-12-07 08:01:38', '2017-12-07 08:01:38'),
(242, 23, 'Johnny Hauck', 'Ab nam eos quasi atque. Animi aut qui ut explicabo provident rerum eaque. Eveniet delectus numquam aut voluptas inventore iste consequatur impedit.', 0, '2017-12-07 08:01:38', '2017-12-07 08:01:38'),
(243, 29, 'Macy Murray', 'Provident modi et labore aut amet. Qui blanditiis laborum aut dolorum. Quos amet explicabo et eum non.', 4, '2017-12-07 08:01:39', '2017-12-07 08:01:39'),
(244, 10, 'Noah Jakubowski', 'Velit et sit dolores fugiat. Laboriosam doloremque voluptatibus est.', 2, '2017-12-07 08:01:39', '2017-12-07 08:01:39'),
(245, 12, 'Vena Armstrong', 'Non architecto provident nisi iste molestiae sequi facilis. Illo a numquam corrupti quia nobis dolores et. Optio fuga et incidunt quam. Facilis doloremque fuga dolorem.', 2, '2017-12-07 08:01:39', '2017-12-07 08:01:39'),
(246, 41, 'Pearlie Kuhic', 'Facilis eos aut repellat velit voluptas beatae odio. Et consequatur fuga delectus quos. Doloribus eligendi illo est repudiandae. Quasi corrupti aut temporibus sed. Eos voluptates sunt expedita nesciunt non reiciendis.', 3, '2017-12-07 08:01:39', '2017-12-07 08:01:39'),
(247, 31, 'Ottilie Dietrich', 'Explicabo itaque eligendi ut ipsum et. Voluptatem aut eveniet ab accusantium quos. Ea dolorem ut beatae voluptas delectus adipisci.', 4, '2017-12-07 08:01:39', '2017-12-07 08:01:39'),
(248, 40, 'Marina O\'Reilly', 'Eum recusandae doloribus aliquam magnam. Quas distinctio qui omnis omnis et quis neque. Consequuntur dolores aspernatur quidem provident atque soluta quos illo. Modi ipsa voluptatum voluptatibus possimus repudiandae aut.', 3, '2017-12-07 08:01:39', '2017-12-07 08:01:39'),
(249, 33, 'Ezekiel Casper', 'Cupiditate autem sed reiciendis. Et impedit iste qui. Ad reprehenderit non vel atque. Quis quia eius ut facere et.', 4, '2017-12-07 08:01:39', '2017-12-07 08:01:39'),
(250, 5, 'Abe Nienow', 'Eaque ipsa voluptas iure magni dolorum est nesciunt magnam. Molestias unde optio ut cupiditate amet ducimus voluptate. Atque aut asperiores vero nobis dolorem architecto. Cupiditate rerum dolores est aut vero qui.', 3, '2017-12-07 08:01:39', '2017-12-07 08:01:39'),
(251, 33, 'Irma Morissette I', 'Aut veritatis recusandae neque veritatis temporibus sit. Voluptatibus necessitatibus nostrum sunt pariatur nesciunt quo laborum. Corporis dolor neque nulla in autem sint.', 0, '2017-12-07 08:01:39', '2017-12-07 08:01:39'),
(252, 15, 'Dr. Philip Considine MD', 'Aut laborum nam enim optio reprehenderit voluptate. Distinctio ab mollitia eius porro eius sit. Voluptatibus vel magnam dolor blanditiis odio nisi.', 5, '2017-12-07 08:01:39', '2017-12-07 08:01:39'),
(253, 36, 'Osvaldo Fisher', 'Ut quaerat repudiandae corporis debitis tenetur. Quam vel omnis enim.', 5, '2017-12-07 08:01:39', '2017-12-07 08:01:39'),
(254, 32, 'Marcelle Keeling', 'Eum minima omnis consectetur cupiditate id molestias cupiditate accusantium. Sint eligendi cupiditate minima molestias voluptatem quia. Fugiat hic sint reiciendis est. Doloribus aliquid ut ut excepturi reprehenderit. Et laborum iure ratione temporibus ea.', 0, '2017-12-07 08:01:39', '2017-12-07 08:01:39'),
(255, 21, 'Judd Watsica', 'Impedit dolores quaerat asperiores ad deserunt est. Sit consequatur quisquam perspiciatis. Qui sunt occaecati quo aliquid quos et. Culpa numquam distinctio sapiente ipsa est.', 4, '2017-12-07 08:01:39', '2017-12-07 08:01:39'),
(256, 5, 'Dr. Kiarra Quitzon', 'Quaerat eligendi voluptatum excepturi commodi. Hic sit voluptatem aut dolores tempore. Quibusdam voluptatibus eum iste optio consequatur molestiae id.', 3, '2017-12-07 08:01:39', '2017-12-07 08:01:39'),
(257, 43, 'Ruby Turner', 'Est et qui non sed est odit quos. Quo voluptatem pariatur consequatur harum expedita suscipit quo. Distinctio dolorem veritatis adipisci laudantium vel.', 5, '2017-12-07 08:01:40', '2017-12-07 08:01:40'),
(258, 36, 'Mrs. Effie Stoltenberg DDS', 'Quis numquam asperiores eligendi neque a mollitia. Ullam optio veritatis accusamus eligendi voluptas sit. Perspiciatis laudantium earum quae quas unde. Eos quia iure aspernatur provident a.', 0, '2017-12-07 08:01:40', '2017-12-07 08:01:40'),
(259, 46, 'Mortimer Nader', 'Odit voluptatem dignissimos consequatur minima et. Temporibus dolorem ipsam voluptates sunt sunt. Ut et cum aut vero corrupti. Pariatur doloribus qui est qui dolores enim. Dolores quisquam nihil et sequi consequuntur.', 5, '2017-12-07 08:01:40', '2017-12-07 08:01:40'),
(260, 20, 'Jamison Mueller', 'Eos optio rerum ipsam eum omnis ratione voluptatibus. Sint velit repudiandae aliquid qui quos reiciendis. Doloremque dignissimos fuga modi officiis neque. Et ut officiis perferendis consectetur.', 3, '2017-12-07 08:01:40', '2017-12-07 08:01:40'),
(261, 33, 'Christ Grant', 'Provident enim distinctio et et dolores asperiores. Dicta in eius qui placeat voluptas perspiciatis sit culpa. Id qui deleniti dignissimos ab quis.', 0, '2017-12-07 08:01:40', '2017-12-07 08:01:40'),
(262, 45, 'Prof. Elliott Kunde', 'Nam distinctio officiis velit natus. Possimus aspernatur molestiae deserunt ut doloribus. Minima repellendus qui provident fuga asperiores est.', 4, '2017-12-07 08:01:40', '2017-12-07 08:01:40'),
(263, 23, 'Rashawn Collier', 'Maiores porro ad veritatis. Et exercitationem sunt reprehenderit consequatur consequatur. Labore dolorem omnis molestias laboriosam dolorem dolorem commodi. Facere sit consequatur voluptates laboriosam.', 3, '2017-12-07 08:01:40', '2017-12-07 08:01:40'),
(264, 17, 'Dr. Sadie O\'Connell II', 'Officiis a voluptates iure consequuntur. Blanditiis minus qui officia labore et voluptas asperiores. Optio soluta vero rerum accusamus excepturi qui enim. Est reprehenderit maxime ut officiis et cupiditate.', 5, '2017-12-07 08:01:40', '2017-12-07 08:01:40'),
(265, 45, 'Letitia Jenkins', 'Voluptatem voluptatem nisi voluptatem quia quia voluptatem harum. Libero tempore nulla sed voluptas rerum. Voluptatibus nesciunt quas sit accusamus voluptas debitis sit.', 1, '2017-12-07 08:01:40', '2017-12-07 08:01:40'),
(266, 24, 'Christiana Marvin Sr.', 'Eius ad ex dignissimos eum est dolorem voluptatem. Doloremque excepturi voluptate ullam officia consequatur. Repellat incidunt ad facere et. Ipsam aliquam ad quia facere consequatur reprehenderit distinctio.', 5, '2017-12-07 08:01:40', '2017-12-07 08:01:40'),
(267, 36, 'Geovanny Zemlak', 'Dolore at veniam nemo. Vero veniam id facere dicta numquam molestias. Tempora quae incidunt cupiditate recusandae et. Ab rerum incidunt minus.', 1, '2017-12-07 08:01:40', '2017-12-07 08:01:40'),
(268, 29, 'Miss Ada Kuvalis', 'Molestiae totam numquam error et voluptas et architecto. Saepe aperiam sed tenetur sit sit exercitationem dolorem. Veritatis nobis commodi est odio. Dignissimos quaerat quas qui ut voluptatem quia sed. Sint earum ipsam facilis adipisci.', 1, '2017-12-07 08:01:40', '2017-12-07 08:01:40'),
(269, 38, 'Lindsey Mayer PhD', 'Ea accusamus quo qui aspernatur officiis et fuga. A enim cumque tenetur. Totam quisquam velit fugit quis sint corrupti est odit.', 3, '2017-12-07 08:01:40', '2017-12-07 08:01:40'),
(270, 16, 'Myles Johnston', 'Facilis suscipit dignissimos et ut alias molestias ipsam. Aut quis nulla mollitia aut beatae.', 1, '2017-12-07 08:01:40', '2017-12-07 08:01:40'),
(271, 10, 'Amparo Harris', 'Repellendus nulla labore non animi perspiciatis sunt. Beatae autem enim vel et vel debitis omnis dolorum. Dolorem itaque inventore quis ut iusto officia ratione eveniet. Minima delectus sit numquam omnis. Corrupti corporis sed praesentium iusto eveniet.', 0, '2017-12-07 08:01:40', '2017-12-07 08:01:40'),
(272, 13, 'Alvina Towne PhD', 'Aut sequi deleniti omnis. Assumenda mollitia nobis natus. Explicabo voluptate et consequatur excepturi quia necessitatibus. Earum eius est consequatur ea in numquam.', 5, '2017-12-07 08:01:41', '2017-12-07 08:01:41'),
(273, 22, 'Prof. Lane Jerde', 'Voluptatem ut voluptatem omnis qui. Ex est deserunt qui doloremque. Vel expedita adipisci aut illum quis aut dicta. Architecto eos velit dicta quibusdam voluptate veritatis.', 4, '2017-12-07 08:01:41', '2017-12-07 08:01:41'),
(274, 42, 'Dr. Josiah Rempel', 'Deserunt ipsum deserunt qui nostrum deleniti culpa voluptate amet. Omnis itaque vel harum quod possimus ad incidunt. Eius vitae autem animi eius magnam qui.', 0, '2017-12-07 08:01:41', '2017-12-07 08:01:41'),
(275, 47, 'Tatyana Mosciski DDS', 'Omnis aliquid sunt voluptatem sit quis quam. Suscipit pariatur dolorem nihil ipsam sit blanditiis. Qui possimus quo exercitationem.', 3, '2017-12-07 08:01:41', '2017-12-07 08:01:41'),
(276, 20, 'Prof. Alanna Schumm V', 'Aspernatur repellendus impedit earum fugit illo facere. At autem quis quidem quas asperiores temporibus. Dolores sed mollitia inventore et in ut. Reprehenderit blanditiis autem mollitia odit ea praesentium.', 2, '2017-12-07 08:01:41', '2017-12-07 08:01:41'),
(277, 46, 'Ms. Kacie Wilderman PhD', 'Qui sed earum sed est eos doloribus. Temporibus a occaecati quisquam reprehenderit. Libero quis quaerat voluptates. Quia occaecati et consequatur provident distinctio voluptatem assumenda.', 2, '2017-12-07 08:01:41', '2017-12-07 08:01:41'),
(278, 31, 'Trycia Pfeffer', 'Provident error repellendus natus consequatur illum. Soluta illo laboriosam velit et blanditiis culpa. Porro enim consequatur id est rem ipsa.', 0, '2017-12-07 08:01:41', '2017-12-07 08:01:41'),
(279, 49, 'Marianna O\'Conner', 'Aut natus est quis magnam libero aliquid. Libero totam sed dolorem voluptatem asperiores aut ullam quas.', 0, '2017-12-07 08:01:41', '2017-12-07 08:01:41'),
(280, 47, 'Katarina McKenzie', 'Harum magni in est aliquam et. Voluptatibus sequi reprehenderit excepturi aut. Nesciunt quidem asperiores placeat.', 3, '2017-12-07 08:01:41', '2017-12-07 08:01:41'),
(281, 5, 'Carson Bogan', 'Ea accusantium repudiandae qui excepturi corrupti est. Nihil id culpa fuga qui suscipit corporis cum cumque. Repellat quos voluptas aut qui accusamus. Accusamus voluptas vel fugiat exercitationem enim.', 1, '2017-12-07 08:01:41', '2017-12-07 08:01:41'),
(282, 33, 'Nettie Medhurst', 'Ea labore odit dignissimos repellendus commodi sint. Id earum autem autem. Unde mollitia in hic eaque consequatur quas. Aspernatur delectus quam ut molestias labore assumenda distinctio.', 3, '2017-12-07 08:01:41', '2017-12-07 08:01:41'),
(283, 19, 'Yasmin Cole', 'Cupiditate et dolor eum. Sit consequatur officiis praesentium labore non. Tenetur molestiae eos possimus qui. Eos earum voluptatem doloribus dolorem quia sint aut.', 1, '2017-12-07 08:01:41', '2017-12-07 08:01:41'),
(284, 34, 'Ms. Vada Parker', 'Minima reprehenderit consequuntur consequatur et aut nobis. Voluptatum vitae quaerat quis ut illum et ut voluptas. Inventore quod ratione ipsa aut sed quidem.', 5, '2017-12-07 08:01:41', '2017-12-07 08:01:41'),
(285, 27, 'Deion Flatley', 'Animi voluptatem nam ullam voluptatem. Veniam et odit quisquam nesciunt temporibus quas ut. Sunt voluptatem nihil qui dolores nesciunt consequatur quod accusantium. Sed ea ut reprehenderit veniam et assumenda. Laudantium libero recusandae enim quisquam quo ipsum.', 2, '2017-12-07 08:01:41', '2017-12-07 08:01:41'),
(286, 19, 'Annabel Boehm', 'Consequuntur voluptatem veniam velit numquam. Est voluptatem est qui.', 1, '2017-12-07 08:01:42', '2017-12-07 08:01:42'),
(287, 21, 'Graham Stamm', 'Ut occaecati repudiandae est hic libero. Provident odio ea natus eos. Reprehenderit assumenda aut facilis. Suscipit dolorum est dolor repellendus in cumque tempora. Quod deleniti voluptatibus dolorum quo sed et eum.', 0, '2017-12-07 08:01:42', '2017-12-07 08:01:42'),
(288, 9, 'Willa Boehm', 'Voluptatem distinctio repellendus quod maxime. Amet dolorum vero vel similique sed.', 0, '2017-12-07 08:01:42', '2017-12-07 08:01:42'),
(289, 41, 'Hans Hudson', 'Sit sapiente expedita aliquam enim facilis consequatur corporis. Omnis natus tempore quibusdam. Est cupiditate placeat et nostrum sunt qui velit. Corporis facere voluptatem repudiandae explicabo qui.', 1, '2017-12-07 08:01:42', '2017-12-07 08:01:42'),
(290, 35, 'Maeve Tromp', 'Id explicabo nulla quia eius eos. Eum rem rerum ex atque eveniet repellat. Corporis voluptatum est excepturi perspiciatis.', 5, '2017-12-07 08:01:42', '2017-12-07 08:01:42'),
(291, 20, 'Bud Berge', 'Molestiae molestiae similique illum est sed. Omnis saepe error fuga vitae. Voluptatem dolor atque cumque eum. Et dicta quibusdam suscipit qui aut accusamus.', 1, '2017-12-07 08:01:42', '2017-12-07 08:01:42'),
(292, 8, 'Tommie Altenwerth III', 'Veritatis neque eligendi et placeat. Aspernatur aperiam voluptate dolorem facere quis sed. Eveniet odit ullam fugit architecto. Sint autem quisquam maxime. Non veritatis consequatur adipisci autem sint velit quis natus.', 0, '2017-12-07 08:01:42', '2017-12-07 08:01:42'),
(293, 3, 'Immanuel Goldner', 'Totam voluptas repellendus rerum qui. Ut rerum est odit iusto et qui facere. Itaque est velit ad rerum. Commodi ut aspernatur et consequatur distinctio eaque ipsum.', 3, '2017-12-07 08:01:42', '2017-12-07 08:01:42'),
(294, 13, 'Dr. Mylene Auer', 'Tempora minima consectetur est blanditiis labore. Quidem explicabo sunt qui natus et minima et repellendus. Nesciunt vel commodi placeat voluptas quia nihil aut. Voluptatem fuga sit hic ullam ipsum sapiente eum.', 0, '2017-12-07 08:01:42', '2017-12-07 08:01:42'),
(295, 16, 'Alvis Kautzer', 'Optio itaque laborum tempore at corrupti vero. Quia id occaecati laboriosam optio consequatur.', 0, '2017-12-07 08:01:42', '2017-12-07 08:01:42'),
(296, 28, 'Carolina Thiel', 'Placeat quia saepe atque aperiam hic ab. Pariatur esse itaque a nam. Voluptatem nemo quia sapiente consequatur. Ea eligendi sed facere est.', 3, '2017-12-07 08:01:42', '2017-12-07 08:01:42'),
(297, 32, 'Tristin Gottlieb', 'Asperiores tempora facere omnis id voluptatem ullam alias molestias. Eligendi quod dolor repudiandae neque. Aliquid excepturi laboriosam ut provident.', 4, '2017-12-07 08:01:42', '2017-12-07 08:01:42'),
(298, 36, 'Adela Brekke', 'Totam sed repellat vel dolores. Ex sed ex natus et assumenda repudiandae a. Porro autem est nihil quasi. Reprehenderit assumenda et nulla dolores vero atque.', 3, '2017-12-07 08:01:42', '2017-12-07 08:01:42'),
(299, 1, 'Dr. Trystan Prohaska', 'Hic dicta commodi rerum quia deserunt. Alias deserunt in debitis doloribus. Doloribus unde natus similique incidunt voluptate fugit ex. Dolorum non explicabo quas amet suscipit nostrum.', 2, '2017-12-07 08:01:42', '2017-12-07 08:01:42'),
(300, 41, 'Grayson Kirlin DDS', 'Voluptatibus fuga non et et porro nulla. Odio doloremque molestiae ratione vero veniam quia facilis. Alias dignissimos porro vero quo facere.', 4, '2017-12-07 08:01:43', '2017-12-07 08:01:43');

-- --------------------------------------------------------

--
-- Table structure for table `users`
--

CREATE TABLE `users` (
  `id` int(10) UNSIGNED NOT NULL,
  `name` varchar(255) COLLATE utf8mb4_unicode_ci NOT NULL,
  `email` varchar(255) COLLATE utf8mb4_unicode_ci NOT NULL,
  `password` varchar(255) COLLATE utf8mb4_unicode_ci NOT NULL,
  `remember_token` varchar(100) COLLATE utf8mb4_unicode_ci DEFAULT NULL,
  `created_at` timestamp NULL DEFAULT NULL,
  `updated_at` timestamp NULL DEFAULT NULL
) ENGINE=InnoDB DEFAULT CHARSET=utf8mb4 COLLATE=utf8mb4_unicode_ci;

--
-- Indexes for dumped tables
--

--
-- Indexes for table `migrations`
--
ALTER TABLE `migrations`
  ADD PRIMARY KEY (`id`);

--
-- Indexes for table `password_resets`
--
ALTER TABLE `password_resets`
  ADD KEY `password_resets_email_index` (`email`);

--
-- Indexes for table `products`
--
ALTER TABLE `products`
  ADD PRIMARY KEY (`id`);

--
-- Indexes for table `reviews`
--
ALTER TABLE `reviews`
  ADD PRIMARY KEY (`id`),
  ADD KEY `reviews_product_id_index` (`product_id`);

--
-- Indexes for table `users`
--
ALTER TABLE `users`
  ADD PRIMARY KEY (`id`),
  ADD UNIQUE KEY `users_email_unique` (`email`);

--
-- AUTO_INCREMENT for dumped tables
--

--
-- AUTO_INCREMENT for table `migrations`
--
ALTER TABLE `migrations`
  MODIFY `id` int(10) UNSIGNED NOT NULL AUTO_INCREMENT, AUTO_INCREMENT=13;

--
-- AUTO_INCREMENT for table `products`
--
ALTER TABLE `products`
  MODIFY `id` int(10) UNSIGNED NOT NULL AUTO_INCREMENT, AUTO_INCREMENT=51;

--
-- AUTO_INCREMENT for table `reviews`
--
ALTER TABLE `reviews`
  MODIFY `id` int(10) UNSIGNED NOT NULL AUTO_INCREMENT, AUTO_INCREMENT=301;

--
-- AUTO_INCREMENT for table `users`
--
ALTER TABLE `users`
  MODIFY `id` int(10) UNSIGNED NOT NULL AUTO_INCREMENT;

--
-- Constraints for dumped tables
--

--
-- Constraints for table `reviews`
--
ALTER TABLE `reviews`
  ADD CONSTRAINT `reviews_product_id_foreign` FOREIGN KEY (`product_id`) REFERENCES `products` (`id`) ON DELETE CASCADE;
COMMIT;

/*!40101 SET CHARACTER_SET_CLIENT=@OLD_CHARACTER_SET_CLIENT */;
/*!40101 SET CHARACTER_SET_RESULTS=@OLD_CHARACTER_SET_RESULTS */;
/*!40101 SET COLLATION_CONNECTION=@OLD_COLLATION_CONNECTION */;
